image_name,Latitude,Longitude,relative_path
f1_IMG_4933.HEIC,31.26176388888889,34.80121666666666,University day images - Shahaf\IMG_4933.HEIC
f1_IMG_4934.HEIC,31.26176388888889,34.80120833333333,University day images - Shahaf\IMG_4934.HEIC
f1_IMG_4935.HEIC,31.26176388888889,34.801205555555555,University day images - Shahaf\IMG_4935.HEIC
f1_IMG_4936.HEIC,31.26176388888889,34.801205555555555,University day images - Shahaf\IMG_4936.HEIC
f1_IMG_4937.HEIC,31.261758333333333,34.801205555555555,University day images - Shahaf\IMG_4937.HEIC
f1_IMG_4938.HEIC,31.261794444444444,34.80118888888889,University day images - Shahaf\IMG_4938.HEIC
f1_IMG_4939.HEIC,31.2618,34.80118611111111,University day images - Shahaf\IMG_4939.HEIC
f1_IMG_4940.HEIC,31.261791666666667,34.80118611111111,University day images - Shahaf\IMG_4940.HEIC
f1_IMG_4941.HEIC,31.261794444444444,34.801180555555554,University day images - Shahaf\IMG_4941.HEIC
f1_IMG_4942.HEIC,31.261844444444446,34.80118611111111,University day images - Shahaf\IMG_4942.HEIC
f1_IMG_4944.HEIC,31.261847222222222,34.801177777777774,University day images - Shahaf\IMG_4944.HEIC
f1_IMG_4945.HEIC,31.261847222222222,34.80116666666667,University day images - Shahaf\IMG_4945.HEIC
f1_IMG_4948.HEIC,31.261894444444444,34.80115833333333,University day images - Shahaf\IMG_4948.HEIC
f1_IMG_4949.HEIC,31.261902777777777,34.80112777777777,University day images - Shahaf\IMG_4949.HEIC
f1_IMG_4950.HEIC,31.261908333333334,34.80111944444444,University day images - Shahaf\IMG_4950.HEIC
f1_IMG_4951.HEIC,31.261913888888888,34.801113888888885,University day images - Shahaf\IMG_4951.HEIC
f1_IMG_4952.HEIC,31.261913888888888,34.801113888888885,University day images - Shahaf\IMG_4952.HEIC
f1_IMG_4953.HEIC,31.26191111111111,34.801113888888885,University day images - Shahaf\IMG_4953.HEIC
f1_IMG_4954.HEIC,31.26189722222222,34.801136111111106,University day images - Shahaf\IMG_4954.HEIC
f1_IMG_4955.HEIC,31.261908333333334,34.80116944444444,University day images - Shahaf\IMG_4955.HEIC
f1_IMG_4956.HEIC,31.261916666666668,34.80115555555555,University day images - Shahaf\IMG_4956.HEIC
f1_IMG_4957.HEIC,31.261955555555556,34.801138888888886,University day images - Shahaf\IMG_4957.HEIC
f1_IMG_4958.HEIC,31.26195,34.80114444444444,University day images - Shahaf\IMG_4958.HEIC
f1_IMG_4959.HEIC,31.261947222222222,34.801136111111106,University day images - Shahaf\IMG_4959.HEIC
f1_IMG_4960.HEIC,31.261955555555556,34.80112777777777,University day images - Shahaf\IMG_4960.HEIC
f1_IMG_4961.HEIC,31.261944444444445,34.80114444444444,University day images - Shahaf\IMG_4961.HEIC
f1_IMG_4962.HEIC,31.26195277777778,34.801138888888886,University day images - Shahaf\IMG_4962.HEIC
f1_IMG_4963.HEIC,31.261966666666666,34.801224999999995,University day images - Shahaf\IMG_4963.HEIC
f1_IMG_4964.HEIC,31.261955555555556,34.80126666666666,University day images - Shahaf\IMG_4964.HEIC
f1_IMG_4965.HEIC,31.261961111111113,34.80127222222222,University day images - Shahaf\IMG_4965.HEIC
f1_IMG_4966.HEIC,31.261955555555556,34.80128611111111,University day images - Shahaf\IMG_4966.HEIC
f1_IMG_4967.HEIC,31.26195277777778,34.80130833333333,University day images - Shahaf\IMG_4967.HEIC
f1_IMG_4968.HEIC,31.26193333333333,34.801338888888885,University day images - Shahaf\IMG_4968.HEIC
f1_IMG_4969.HEIC,31.261925,34.801319444444445,University day images - Shahaf\IMG_4969.HEIC
f1_IMG_4970.HEIC,31.261916666666668,34.801319444444445,University day images - Shahaf\IMG_4970.HEIC
f1_IMG_4971.HEIC,31.261936111111112,34.80132222222222,University day images - Shahaf\IMG_4971.HEIC
f1_IMG_4972.HEIC,31.26195277777778,34.80133333333333,University day images - Shahaf\IMG_4972.HEIC
f1_IMG_4973.HEIC,31.261961111111113,34.80136944444444,University day images - Shahaf\IMG_4973.HEIC
f1_IMG_4974.HEIC,31.261969444444443,34.80141944444444,University day images - Shahaf\IMG_4974.HEIC
f1_IMG_4975.HEIC,31.261983333333333,34.80141944444444,University day images - Shahaf\IMG_4975.HEIC
f1_IMG_4976.HEIC,31.26198888888889,34.80141944444444,University day images - Shahaf\IMG_4976.HEIC
f1_IMG_4977.HEIC,31.26198611111111,34.801405555555554,University day images - Shahaf\IMG_4977.HEIC
f1_IMG_4978.HEIC,31.261983333333333,34.801405555555554,University day images - Shahaf\IMG_4978.HEIC
f1_IMG_4979.HEIC,31.261936111111112,34.801424999999995,University day images - Shahaf\IMG_4979.HEIC
f1_IMG_4980.HEIC,31.261883333333333,34.80141111111111,University day images - Shahaf\IMG_4980.HEIC
f1_IMG_4981.HEIC,31.261883333333333,34.801424999999995,University day images - Shahaf\IMG_4981.HEIC
f1_IMG_4982.HEIC,31.261883333333333,34.801424999999995,University day images - Shahaf\IMG_4982.HEIC
f1_IMG_4983.HEIC,31.261866666666666,34.80141388888889,University day images - Shahaf\IMG_4983.HEIC
f1_IMG_4984.HEIC,31.26185277777778,34.80141388888889,University day images - Shahaf\IMG_4984.HEIC
f1_IMG_4985.HEIC,31.261841666666665,34.80141388888889,University day images - Shahaf\IMG_4985.HEIC
f1_IMG_4986.HEIC,31.261836111111112,34.80141111111111,University day images - Shahaf\IMG_4986.HEIC
f1_IMG_4987.HEIC,31.261830555555555,34.80141111111111,University day images - Shahaf\IMG_4987.HEIC
f1_IMG_4988.HEIC,31.261833333333332,34.80141944444444,University day images - Shahaf\IMG_4988.HEIC
f1_IMG_4989.HEIC,31.261836111111112,34.801474999999996,University day images - Shahaf\IMG_4989.HEIC
f1_IMG_4990.HEIC,31.26181111111111,34.80148333333333,University day images - Shahaf\IMG_4990.HEIC
f1_IMG_4991.HEIC,31.261780555555557,34.80148611111111,University day images - Shahaf\IMG_4991.HEIC
f1_IMG_4992.HEIC,31.261744444444446,34.80148611111111,University day images - Shahaf\IMG_4992.HEIC
f1_IMG_4993.HEIC,31.261719444444445,34.801491666666664,University day images - Shahaf\IMG_4993.HEIC
f1_IMG_4994.HEIC,31.26171666666667,34.80149722222222,University day images - Shahaf\IMG_4994.HEIC
f1_IMG_4995.HEIC,31.261719444444445,34.80149722222222,University day images - Shahaf\IMG_4995.HEIC
f1_IMG_4996.HEIC,31.261733333333332,34.80161666666666,University day images - Shahaf\IMG_4996.HEIC
f1_IMG_4997.HEIC,31.261730555555555,34.80161666666666,University day images - Shahaf\IMG_4997.HEIC
f1_IMG_4998.HEIC,31.26169722222222,34.801536111111105,University day images - Shahaf\IMG_4998.HEIC
f1_IMG_4999.HEIC,31.26168611111111,34.80146666666666,University day images - Shahaf\IMG_4999.HEIC
f1_IMG_5001.HEIC,31.26168611111111,34.80146388888888,University day images - Shahaf\IMG_5001.HEIC
f1_IMG_5002.HEIC,31.261702777777778,34.801513888888884,University day images - Shahaf\IMG_5002.HEIC
f1_IMG_5003.HEIC,31.26169722222222,34.80153333333333,University day images - Shahaf\IMG_5003.HEIC
f1_IMG_5004.HEIC,31.261713888888888,34.801605555555554,University day images - Shahaf\IMG_5004.HEIC
f1_IMG_5006.HEIC,31.26173888888889,34.801605555555554,University day images - Shahaf\IMG_5006.HEIC
f1_IMG_5007.HEIC,31.261802777777778,34.80161388888889,University day images - Shahaf\IMG_5007.HEIC
f1_IMG_5008.HEIC,31.26182222222222,34.80161666666666,University day images - Shahaf\IMG_5008.HEIC
f1_IMG_5009.HEIC,31.261805555555554,34.80160833333333,University day images - Shahaf\IMG_5009.HEIC
f1_IMG_5010.HEIC,31.261805555555554,34.80160833333333,University day images - Shahaf\IMG_5010.HEIC
f1_IMG_5013.HEIC,31.261805555555554,34.801808333333334,University day images - Shahaf\IMG_5013.HEIC
f1_IMG_5014.HEIC,31.261808333333335,34.80179722222222,University day images - Shahaf\IMG_5014.HEIC
f1_IMG_5015.HEIC,31.261802777777778,34.80179166666667,University day images - Shahaf\IMG_5015.HEIC
f1_IMG_5016.HEIC,31.261955555555556,34.80182222222222,University day images - Shahaf\IMG_5016.HEIC
f1_IMG_5017.HEIC,31.261961111111113,34.80182222222222,University day images - Shahaf\IMG_5017.HEIC
f1_IMG_5018.HEIC,31.261975,34.80182222222222,University day images - Shahaf\IMG_5018.HEIC
f1_IMG_5019.HEIC,31.261972222222223,34.80182222222222,University day images - Shahaf\IMG_5019.HEIC
f1_IMG_5020.HEIC,31.261969444444443,34.80182222222222,University day images - Shahaf\IMG_5020.HEIC
f1_IMG_5021.HEIC,31.261969444444443,34.80181944444444,University day images - Shahaf\IMG_5021.HEIC
f1_IMG_5022.HEIC,31.261941666666665,34.80191666666666,University day images - Shahaf\IMG_5022.HEIC
f1_IMG_5023.HEIC,31.26193888888889,34.80193333333333,University day images - Shahaf\IMG_5023.HEIC
f1_IMG_5024.HEIC,31.26193888888889,34.80193611111111,University day images - Shahaf\IMG_5024.HEIC
f1_IMG_5026.HEIC,31.261947222222222,34.80194722222222,University day images - Shahaf\IMG_5026.HEIC
f1_IMG_5027.HEIC,31.261947222222222,34.801966666666665,University day images - Shahaf\IMG_5027.HEIC
f1_IMG_5028.HEIC,31.261961111111113,34.801986111111106,University day images - Shahaf\IMG_5028.HEIC
f1_IMG_5029.HEIC,31.261972222222223,34.80201388888889,University day images - Shahaf\IMG_5029.HEIC
f1_IMG_5030.HEIC,31.26196388888889,34.80201388888889,University day images - Shahaf\IMG_5030.HEIC
f1_IMG_5031.HEIC,31.261961111111113,34.80201388888889,University day images - Shahaf\IMG_5031.HEIC
f1_IMG_5032.HEIC,31.261958333333332,34.80201666666667,University day images - Shahaf\IMG_5032.HEIC
f1_IMG_5033.HEIC,31.261958333333332,34.80202222222222,University day images - Shahaf\IMG_5033.HEIC
f1_IMG_5034.HEIC,31.261961111111113,34.802027777777774,University day images - Shahaf\IMG_5034.HEIC
f1_IMG_5035.HEIC,31.26196388888889,34.802033333333334,University day images - Shahaf\IMG_5035.HEIC
f1_IMG_5036.HEIC,31.261958333333332,34.80206666666666,University day images - Shahaf\IMG_5036.HEIC
f1_IMG_5037.HEIC,31.261958333333332,34.80208333333333,University day images - Shahaf\IMG_5037.HEIC
f1_IMG_5038.HEIC,31.261958333333332,34.80208333333333,University day images - Shahaf\IMG_5038.HEIC
f1_IMG_5039.HEIC,31.261958333333332,34.80208333333333,University day images - Shahaf\IMG_5039.HEIC
f1_IMG_5040.HEIC,31.261958333333332,34.802077777777775,University day images - Shahaf\IMG_5040.HEIC
f1_IMG_5041.HEIC,31.261958333333332,34.802077777777775,University day images - Shahaf\IMG_5041.HEIC
f1_IMG_5042.HEIC,31.26201111111111,34.80211944444444,University day images - Shahaf\IMG_5042.HEIC
f1_IMG_5043.HEIC,31.26201111111111,34.802125,University day images - Shahaf\IMG_5043.HEIC
f1_IMG_5044.HEIC,31.26202222222222,34.80213611111111,University day images - Shahaf\IMG_5044.HEIC
f1_IMG_5045.HEIC,31.26205,34.80217777777777,University day images - Shahaf\IMG_5045.HEIC
f1_IMG_5046.HEIC,31.26203611111111,34.802138888888884,University day images - Shahaf\IMG_5046.HEIC
f1_IMG_5047.HEIC,31.262030555555555,34.802138888888884,University day images - Shahaf\IMG_5047.HEIC
f1_IMG_5048.HEIC,31.262019444444444,34.80214722222222,University day images - Shahaf\IMG_5048.HEIC
f1_IMG_5049.HEIC,31.26202222222222,34.802166666666665,University day images - Shahaf\IMG_5049.HEIC
f1_IMG_5050.HEIC,31.262025,34.802175,University day images - Shahaf\IMG_5050.HEIC
f1_IMG_5051.HEIC,31.261944444444445,34.802188888888885,University day images - Shahaf\IMG_5051.HEIC
f1_IMG_5052.HEIC,31.261927777777778,34.80219722222222,University day images - Shahaf\IMG_5052.HEIC
f1_IMG_5053.HEIC,31.261955555555556,34.802252777777774,University day images - Shahaf\IMG_5053.HEIC
f1_IMG_5054.HEIC,31.26195,34.80226944444444,University day images - Shahaf\IMG_5054.HEIC
f1_IMG_5055.HEIC,31.26195,34.80226944444444,University day images - Shahaf\IMG_5055.HEIC
f1_IMG_5056.HEIC,31.261972222222223,34.80231388888889,University day images - Shahaf\IMG_5056.HEIC
f1_IMG_5057.HEIC,31.26193333333333,34.80235277777778,University day images - Shahaf\IMG_5057.HEIC
f1_IMG_5058.HEIC,31.26193888888889,34.80238055555555,University day images - Shahaf\IMG_5058.HEIC
f1_IMG_5059.HEIC,31.26191111111111,34.80246388888889,University day images - Shahaf\IMG_5059.HEIC
f1_IMG_5060.HEIC,31.261975,34.80278055555555,University day images - Shahaf\IMG_5060.HEIC
f1_IMG_5061.HEIC,31.262080555555556,34.80255833333333,University day images - Shahaf\IMG_5061.HEIC
f1_IMG_5062.HEIC,31.26208611111111,34.80258055555555,University day images - Shahaf\IMG_5062.HEIC
f1_IMG_5063.HEIC,31.262072222222223,34.802677777777774,University day images - Shahaf\IMG_5063.HEIC
f1_IMG_5064.HEIC,31.262097222222224,34.80267222222222,University day images - Shahaf\IMG_5064.HEIC
f1_IMG_5065.HEIC,31.262066666666666,34.802749999999996,University day images - Shahaf\IMG_5065.HEIC
f1_IMG_5066.HEIC,31.262125,34.80265833333333,University day images - Shahaf\IMG_5066.HEIC
f1_IMG_5067.HEIC,31.262127777777778,34.80265,University day images - Shahaf\IMG_5067.HEIC
f1_IMG_5068.HEIC,31.26213611111111,34.802641666666666,University day images - Shahaf\IMG_5068.HEIC
f1_IMG_5069.HEIC,31.262138888888888,34.802638888888886,University day images - Shahaf\IMG_5069.HEIC
f1_IMG_5070.HEIC,31.262138888888888,34.80263055555555,University day images - Shahaf\IMG_5070.HEIC
f1_IMG_5071.HEIC,31.262138888888888,34.80263055555555,University day images - Shahaf\IMG_5071.HEIC
f1_IMG_5072.HEIC,31.26214166666667,34.80266666666667,University day images - Shahaf\IMG_5072.HEIC
f1_IMG_5073.HEIC,31.262138888888888,34.80268611111111,University day images - Shahaf\IMG_5073.HEIC
f1_IMG_5074.HEIC,31.26215277777778,34.802702777777775,University day images - Shahaf\IMG_5074.HEIC
f1_IMG_5075.HEIC,31.262158333333332,34.802702777777775,University day images - Shahaf\IMG_5075.HEIC
f1_IMG_5076.HEIC,31.262161111111112,34.80271111111111,University day images - Shahaf\IMG_5076.HEIC
f1_IMG_5077.HEIC,31.262169444444446,34.802813888888885,University day images - Shahaf\IMG_5077.HEIC
f1_IMG_5078.HEIC,31.26217777777778,34.802825,University day images - Shahaf\IMG_5078.HEIC
f1_IMG_5079.HEIC,31.262172222222222,34.802836111111105,University day images - Shahaf\IMG_5079.HEIC
f1_IMG_5080.HEIC,31.262172222222222,34.802841666666666,University day images - Shahaf\IMG_5080.HEIC
f1_IMG_5081.HEIC,31.26216388888889,34.80289444444444,University day images - Shahaf\IMG_5081.HEIC
f1_IMG_5082.HEIC,31.26216388888889,34.802902777777774,University day images - Shahaf\IMG_5082.HEIC
f1_IMG_5083.HEIC,31.262166666666666,34.80291111111111,University day images - Shahaf\IMG_5083.HEIC
f1_IMG_5084.HEIC,31.26216388888889,34.80291666666666,University day images - Shahaf\IMG_5084.HEIC
f1_IMG_5085.HEIC,31.262158333333332,34.80291388888889,University day images - Shahaf\IMG_5085.HEIC
f1_IMG_5086.HEIC,31.262158333333332,34.80292222222222,University day images - Shahaf\IMG_5086.HEIC
f1_IMG_5087.HEIC,31.262158333333332,34.802927777777775,University day images - Shahaf\IMG_5087.HEIC
f1_IMG_5088.HEIC,31.262161111111112,34.80295833333333,University day images - Shahaf\IMG_5088.HEIC
f1_IMG_5089.HEIC,31.262158333333332,34.802972222222216,University day images - Shahaf\IMG_5089.HEIC
f1_IMG_5090.HEIC,31.262158333333332,34.802972222222216,University day images - Shahaf\IMG_5090.HEIC
f1_IMG_5091.HEIC,31.262144444444445,34.802924999999995,University day images - Shahaf\IMG_5091.HEIC
f1_IMG_5092.HEIC,31.262066666666666,34.80289166666666,University day images - Shahaf\IMG_5092.HEIC
f1_IMG_5093.HEIC,31.26205,34.802875,University day images - Shahaf\IMG_5093.HEIC
f1_IMG_5094.HEIC,31.262027777777778,34.802861111111106,University day images - Shahaf\IMG_5094.HEIC
f1_IMG_5095.HEIC,31.26203888888889,34.80283055555555,University day images - Shahaf\IMG_5095.HEIC
f1_IMG_5096.HEIC,31.261972222222223,34.80291388888889,University day images - Shahaf\IMG_5096.HEIC
f1_IMG_5097.HEIC,31.261958333333332,34.802924999999995,University day images - Shahaf\IMG_5097.HEIC
f1_IMG_5098.HEIC,31.26192222222222,34.80294166666666,University day images - Shahaf\IMG_5098.HEIC
f1_IMG_5099.HEIC,31.26188611111111,34.80291388888889,University day images - Shahaf\IMG_5099.HEIC
f1_IMG_5100.HEIC,31.261825,34.802952777777776,University day images - Shahaf\IMG_5100.HEIC
f1_IMG_5101.HEIC,31.261808333333335,34.80294166666666,University day images - Shahaf\IMG_5101.HEIC
f1_IMG_5102.HEIC,31.26181111111111,34.80294166666666,University day images - Shahaf\IMG_5102.HEIC
f1_IMG_5103.HEIC,31.2618,34.80293333333333,University day images - Shahaf\IMG_5103.HEIC
f1_IMG_5104.HEIC,31.261791666666667,34.802924999999995,University day images - Shahaf\IMG_5104.HEIC
f1_IMG_5105.HEIC,31.261777777777777,34.80291111111111,University day images - Shahaf\IMG_5105.HEIC
f1_IMG_5106.HEIC,31.26176111111111,34.802905555555554,University day images - Shahaf\IMG_5106.HEIC
f1_IMG_5107.HEIC,31.261758333333333,34.80289722222222,University day images - Shahaf\IMG_5107.HEIC
f1_IMG_5108.HEIC,31.261736111111112,34.802883333333334,University day images - Shahaf\IMG_5108.HEIC
f1_IMG_5109.HEIC,31.2617,34.80288611111111,University day images - Shahaf\IMG_5109.HEIC
f1_IMG_5110.HEIC,31.261683333333334,34.802880555555554,University day images - Shahaf\IMG_5110.HEIC
f1_IMG_5111.HEIC,31.261708333333335,34.80289444444444,University day images - Shahaf\IMG_5111.HEIC
f1_IMG_5112.HEIC,31.261708333333335,34.80289166666666,University day images - Shahaf\IMG_5112.HEIC
f1_IMG_5113.HEIC,31.261708333333335,34.80288611111111,University day images - Shahaf\IMG_5113.HEIC
f1_IMG_5114.HEIC,31.261730555555555,34.802972222222216,University day images - Shahaf\IMG_5114.HEIC
f1_IMG_5115.HEIC,31.26176388888889,34.803013888888884,University day images - Shahaf\IMG_5115.HEIC
f1_IMG_5116.HEIC,31.26176388888889,34.80308888888889,University day images - Shahaf\IMG_5116.HEIC
f1_IMG_5117.HEIC,31.26182222222222,34.80274166666666,University day images - Shahaf\IMG_5117.HEIC
f1_IMG_5118.HEIC,31.26185277777778,34.80273888888889,University day images - Shahaf\IMG_5118.HEIC
f1_IMG_5119.HEIC,31.261847222222222,34.802616666666665,University day images - Shahaf\IMG_5119.HEIC
f1_IMG_5120.HEIC,31.261847222222222,34.80260555555555,University day images - Shahaf\IMG_5120.HEIC
f1_IMG_5121.HEIC,31.26185,34.802575,University day images - Shahaf\IMG_5121.HEIC
f1_IMG_5122.HEIC,31.261877777777777,34.80258611111111,University day images - Shahaf\IMG_5122.HEIC
f1_IMG_5123.HEIC,31.261869444444443,34.80259722222222,University day images - Shahaf\IMG_5123.HEIC
f1_IMG_5124.HEIC,31.26186388888889,34.8026,University day images - Shahaf\IMG_5124.HEIC
f1_IMG_5125.HEIC,31.26186388888889,34.802611111111105,University day images - Shahaf\IMG_5125.HEIC
f1_IMG_5126.HEIC,31.26189722222222,34.802641666666666,University day images - Shahaf\IMG_5126.HEIC
f1_IMG_5127.HEIC,31.261916666666668,34.802638888888886,University day images - Shahaf\IMG_5127.HEIC
f1_IMG_5128.HEIC,31.261941666666665,34.802641666666666,University day images - Shahaf\IMG_5128.HEIC
f1_IMG_5129.HEIC,31.261947222222222,34.802641666666666,University day images - Shahaf\IMG_5129.HEIC
f1_IMG_5130.HEIC,31.261947222222222,34.80265,University day images - Shahaf\IMG_5130.HEIC
f1_IMG_5131.HEIC,31.261994444444444,34.80269722222222,University day images - Shahaf\IMG_5131.HEIC
f1_IMG_5132.HEIC,31.26201111111111,34.802702777777775,University day images - Shahaf\IMG_5132.HEIC
f1_IMG_5133.HEIC,31.262025,34.802702777777775,University day images - Shahaf\IMG_5133.HEIC
f1_IMG_5134.HEIC,31.262033333333335,34.80269722222222,University day images - Shahaf\IMG_5134.HEIC
f1_IMG_5135.HEIC,31.26203611111111,34.80268888888889,University day images - Shahaf\IMG_5135.HEIC
f1_IMG_5136.HEIC,31.26203611111111,34.80268888888889,University day images - Shahaf\IMG_5136.HEIC
f1_IMG_5137.HEIC,31.262094444444443,34.80266666666667,University day images - Shahaf\IMG_5137.HEIC
f1_IMG_5138.HEIC,31.262102777777777,34.80266111111111,University day images - Shahaf\IMG_5138.HEIC
f1_IMG_5139.HEIC,31.262113888888887,34.80265555555555,University day images - Shahaf\IMG_5139.HEIC
f1_IMG_5140.HEIC,31.262125,34.80262777777777,University day images - Shahaf\IMG_5140.HEIC
f1_IMG_5141.HEIC,31.26212222222222,34.802625,University day images - Shahaf\IMG_5141.HEIC
f1_IMG_5142.HEIC,31.26212222222222,34.80261944444444,University day images - Shahaf\IMG_5142.HEIC
f1_IMG_5143.HEIC,31.26212222222222,34.80261944444444,University day images - Shahaf\IMG_5143.HEIC
f1_IMG_5144.HEIC,31.26212222222222,34.802625,University day images - Shahaf\IMG_5144.HEIC
f1_IMG_5145.HEIC,31.262138888888888,34.80268888888889,University day images - Shahaf\IMG_5145.HEIC
f1_IMG_5146.HEIC,31.262091666666667,34.80271111111111,University day images - Shahaf\IMG_5146.HEIC
f1_IMG_5147.HEIC,31.262091666666667,34.80272222222222,University day images - Shahaf\IMG_5147.HEIC
f1_IMG_5148.HEIC,31.262097222222224,34.80274444444444,University day images - Shahaf\IMG_5148.HEIC
f1_IMG_5149.HEIC,31.26212222222222,34.802791666666664,University day images - Shahaf\IMG_5149.HEIC
f1_IMG_5150.HEIC,31.262119444444444,34.802791666666664,University day images - Shahaf\IMG_5150.HEIC
f1_IMG_5151.HEIC,31.262091666666667,34.80278055555555,University day images - Shahaf\IMG_5151.HEIC
f1_IMG_5152.HEIC,31.262091666666667,34.80278055555555,University day images - Shahaf\IMG_5152.HEIC
f1_IMG_5153.HEIC,31.262055555555555,34.802791666666664,University day images - Shahaf\IMG_5153.HEIC
f1_IMG_5154.HEIC,31.262055555555555,34.802791666666664,University day images - Shahaf\IMG_5154.HEIC
f1_IMG_5155.HEIC,31.262025,34.8028,University day images - Shahaf\IMG_5155.HEIC
f1_IMG_5156.HEIC,31.262025,34.8028,University day images - Shahaf\IMG_5156.HEIC
f1_IMG_5157.HEIC,31.262025,34.8028,University day images - Shahaf\IMG_5157.HEIC
f1_IMG_5158.HEIC,31.26198888888889,34.80291388888889,University day images - Shahaf\IMG_5158.HEIC
f1_IMG_5159.HEIC,31.261980555555557,34.802905555555554,University day images - Shahaf\IMG_5159.HEIC
f1_IMG_5160.HEIC,31.261966666666666,34.802863888888886,University day images - Shahaf\IMG_5160.HEIC
f1_IMG_5161.HEIC,31.261958333333332,34.80285277777777,University day images - Shahaf\IMG_5161.HEIC
f1_IMG_5162.HEIC,31.261944444444445,34.802836111111105,University day images - Shahaf\IMG_5162.HEIC
f1_IMG_5163.HEIC,31.26185277777778,34.802902777777774,University day images - Shahaf\IMG_5163.HEIC
f1_IMG_5164.HEIC,31.26182777777778,34.80289166666666,University day images - Shahaf\IMG_5164.HEIC
f1_IMG_5165.HEIC,31.26181111111111,34.80289166666666,University day images - Shahaf\IMG_5165.HEIC
f1_IMG_5166.HEIC,31.26179722222222,34.80289166666666,University day images - Shahaf\IMG_5166.HEIC
f1_IMG_5167.HEIC,31.261775,34.802902777777774,University day images - Shahaf\IMG_5167.HEIC
f1_IMG_5168.HEIC,31.261769444444443,34.802924999999995,University day images - Shahaf\IMG_5168.HEIC
f1_IMG_5169.HEIC,31.26176111111111,34.80296666666666,University day images - Shahaf\IMG_5169.HEIC
f1_IMG_5170.HEIC,31.26175277777778,34.80298611111111,University day images - Shahaf\IMG_5170.HEIC
f1_IMG_5172.HEIC,31.261755555555556,34.802994444444444,University day images - Shahaf\IMG_5172.HEIC
f1_IMG_5173.HEIC,31.261780555555557,34.802972222222216,University day images - Shahaf\IMG_5173.HEIC
f1_IMG_5174.HEIC,31.261780555555557,34.802974999999996,University day images - Shahaf\IMG_5174.HEIC
f1_IMG_5175.HEIC,31.261802777777778,34.803152777777775,University day images - Shahaf\IMG_5175.HEIC
f1_IMG_5176.HEIC,31.261802777777778,34.803152777777775,University day images - Shahaf\IMG_5176.HEIC
f1_IMG_5177.HEIC,31.261802777777778,34.803152777777775,University day images - Shahaf\IMG_5177.HEIC
f1_IMG_5178.HEIC,31.262072222222223,34.80316111111111,University day images - Shahaf\IMG_5178.HEIC
f1_IMG_5179.HEIC,31.262047222222222,34.80315833333333,University day images - Shahaf\IMG_5179.HEIC
f1_IMG_5180.HEIC,31.26203611111111,34.80310833333333,University day images - Shahaf\IMG_5180.HEIC
f1_IMG_5181.HEIC,31.26205,34.80308055555555,University day images - Shahaf\IMG_5181.HEIC
f1_IMG_5182.HEIC,31.262055555555555,34.803016666666664,University day images - Shahaf\IMG_5182.HEIC
f1_IMG_5185.HEIC,31.26206388888889,34.802902777777774,University day images - Shahaf\IMG_5185.HEIC
f1_IMG_5186.HEIC,31.262016666666668,34.803036111111105,University day images - Shahaf\IMG_5186.HEIC
f1_IMG_5187.HEIC,31.262019444444444,34.803016666666664,University day images - Shahaf\IMG_5187.HEIC
f1_IMG_5190.HEIC,31.26201111111111,34.80296666666666,University day images - Shahaf\IMG_5190.HEIC
f1_IMG_5191.HEIC,31.262013888888887,34.80297777777778,University day images - Shahaf\IMG_5191.HEIC
f1_IMG_5192.HEIC,31.26196388888889,34.80315833333333,University day images - Shahaf\IMG_5192.HEIC
f1_IMG_5193.HEIC,31.26196388888889,34.80315833333333,University day images - Shahaf\IMG_5193.HEIC
f1_IMG_5194.HEIC,31.26196388888889,34.80315833333333,University day images - Shahaf\IMG_5194.HEIC
f1_IMG_5195.HEIC,31.26196388888889,34.80315833333333,University day images - Shahaf\IMG_5195.HEIC
f1_IMG_5196.HEIC,31.26196388888889,34.80315833333333,University day images - Shahaf\IMG_5196.HEIC
f1_IMG_5197.HEIC,31.26196388888889,34.80315833333333,University day images - Shahaf\IMG_5197.HEIC
f1_IMG_5198.HEIC,31.261830555555555,34.802861111111106,University day images - Shahaf\IMG_5198.HEIC
f1_IMG_5199.HEIC,31.261994444444444,34.80314166666666,University day images - Shahaf\IMG_5199.HEIC
f1_IMG_5200.HEIC,31.261966666666666,34.803219444444444,University day images - Shahaf\IMG_5200.HEIC
f1_IMG_5201.HEIC,31.261877777777777,34.80327222222222,University day images - Shahaf\IMG_5201.HEIC
f1_IMG_5202.HEIC,31.261772222222223,34.80331666666667,University day images - Shahaf\IMG_5202.HEIC
f1_IMG_5203.HEIC,31.261819444444445,34.8033,University day images - Shahaf\IMG_5203.HEIC
f1_IMG_5204.HEIC,31.26198888888889,34.80318333333333,University day images - Shahaf\IMG_5204.HEIC
f1_IMG_5205.HEIC,31.26203888888889,34.80320277777778,University day images - Shahaf\IMG_5205.HEIC
f1_IMG_5206.HEIC,31.262066666666666,34.803219444444444,University day images - Shahaf\IMG_5206.HEIC
f1_IMG_5207.HEIC,31.26211111111111,34.803330555555554,University day images - Shahaf\IMG_5207.HEIC
f1_IMG_5208.HEIC,31.262113888888887,34.803330555555554,University day images - Shahaf\IMG_5208.HEIC
f1_IMG_5209.HEIC,31.26211111111111,34.80333611111111,University day images - Shahaf\IMG_5209.HEIC
f1_IMG_5210.HEIC,31.262108333333334,34.80336388888889,University day images - Shahaf\IMG_5210.HEIC
f1_IMG_5211.HEIC,31.262108333333334,34.803374999999996,University day images - Shahaf\IMG_5211.HEIC
f1_IMG_5212.HEIC,31.262102777777777,34.80338611111111,University day images - Shahaf\IMG_5212.HEIC
f1_IMG_5213.HEIC,31.262097222222224,34.80341388888888,University day images - Shahaf\IMG_5213.HEIC
f1_IMG_5214.HEIC,31.262091666666667,34.80342222222222,University day images - Shahaf\IMG_5214.HEIC
f1_IMG_5215.HEIC,31.262102777777777,34.80343611111111,University day images - Shahaf\IMG_5215.HEIC
f1_IMG_5216.HEIC,31.262105555555557,34.80345833333333,University day images - Shahaf\IMG_5216.HEIC
f1_IMG_5217.HEIC,31.262138888888888,34.803527777777774,University day images - Shahaf\IMG_5217.HEIC
f1_IMG_5218.HEIC,31.26214166666667,34.803525,University day images - Shahaf\IMG_5218.HEIC
f1_IMG_5219.HEIC,31.262138888888888,34.803525,University day images - Shahaf\IMG_5219.HEIC
f1_IMG_5220.HEIC,31.26214166666667,34.80351666666667,University day images - Shahaf\IMG_5220.HEIC
f1_IMG_5221.HEIC,31.262133333333335,34.80353888888889,University day images - Shahaf\IMG_5221.HEIC
f1_IMG_5222.HEIC,31.262116666666667,34.80354444444444,University day images - Shahaf\IMG_5222.HEIC
f1_IMG_5223.HEIC,31.262113888888887,34.80353888888889,University day images - Shahaf\IMG_5223.HEIC
f1_IMG_5224.HEIC,31.262047222222222,34.80354722222222,University day images - Shahaf\IMG_5224.HEIC
f1_IMG_5225.HEIC,31.26203888888889,34.80353611111111,University day images - Shahaf\IMG_5225.HEIC
f1_IMG_5226.HEIC,31.262041666666665,34.803527777777774,University day images - Shahaf\IMG_5226.HEIC
f1_IMG_5227.HEIC,31.262044444444445,34.803527777777774,University day images - Shahaf\IMG_5227.HEIC
f1_IMG_5228.HEIC,31.261980555555557,34.80354444444444,University day images - Shahaf\IMG_5228.HEIC
f1_IMG_5229.HEIC,31.261980555555557,34.80354444444444,University day images - Shahaf\IMG_5229.HEIC
f1_IMG_5230.HEIC,31.261975,34.80353888888889,University day images - Shahaf\IMG_5230.HEIC
f1_IMG_5231.HEIC,31.26195277777778,34.80353888888889,University day images - Shahaf\IMG_5231.HEIC
f1_IMG_5232.HEIC,31.26192222222222,34.80354444444444,University day images - Shahaf\IMG_5232.HEIC
f1_IMG_5233.HEIC,31.261872222222223,34.803549999999994,University day images - Shahaf\IMG_5233.HEIC
f1_IMG_5234.HEIC,31.26185,34.80354722222222,University day images - Shahaf\IMG_5234.HEIC
f1_IMG_5235.HEIC,31.261830555555555,34.80354722222222,University day images - Shahaf\IMG_5235.HEIC
f1_IMG_5236.HEIC,31.261841666666665,34.80353611111111,University day images - Shahaf\IMG_5236.HEIC
f1_IMG_5237.HEIC,31.261847222222222,34.80353888888889,University day images - Shahaf\IMG_5237.HEIC
f1_IMG_5238.HEIC,31.26186388888889,34.80348333333333,University day images - Shahaf\IMG_5238.HEIC
f1_IMG_5240.HEIC,31.261883333333333,34.803438888888884,University day images - Shahaf\IMG_5240.HEIC
f1_IMG_5241.HEIC,31.26188888888889,34.803425,University day images - Shahaf\IMG_5241.HEIC
f1_IMG_5242.HEIC,31.261916666666668,34.803444444444445,University day images - Shahaf\IMG_5242.HEIC
f1_IMG_5243.HEIC,31.261908333333334,34.80343333333333,University day images - Shahaf\IMG_5243.HEIC
f1_IMG_5244.HEIC,31.261891666666667,34.803416666666664,University day images - Shahaf\IMG_5244.HEIC
f1_IMG_5245.HEIC,31.261872222222223,34.80339444444444,University day images - Shahaf\IMG_5245.HEIC
f1_IMG_5246.HEIC,31.261861111111113,34.80339166666666,University day images - Shahaf\IMG_5246.HEIC
f1_IMG_5247.HEIC,31.26186388888889,34.80338611111111,University day images - Shahaf\IMG_5247.HEIC
f1_IMG_5248.HEIC,31.261866666666666,34.803377777777776,University day images - Shahaf\IMG_5248.HEIC
f1_IMG_5249.HEIC,31.261877777777777,34.803352777777775,University day images - Shahaf\IMG_5249.HEIC
f1_IMG_5250.HEIC,31.261883333333333,34.80334722222222,University day images - Shahaf\IMG_5250.HEIC
f1_IMG_5251.HEIC,31.261891666666667,34.80332222222222,University day images - Shahaf\IMG_5251.HEIC
f1_IMG_5252.HEIC,31.261891666666667,34.80328333333333,University day images - Shahaf\IMG_5252.HEIC
f1_IMG_5253.HEIC,31.261894444444444,34.80328055555555,University day images - Shahaf\IMG_5253.HEIC
f1_IMG_5254.HEIC,31.261908333333334,34.80328055555555,University day images - Shahaf\IMG_5254.HEIC
f1_IMG_5255.HEIC,31.261902777777777,34.80327222222222,University day images - Shahaf\IMG_5255.HEIC
f1_IMG_5256.HEIC,31.261875,34.803261111111105,University day images - Shahaf\IMG_5256.HEIC
f1_IMG_5257.HEIC,31.261877777777777,34.803263888888885,University day images - Shahaf\IMG_5257.HEIC
f1_IMG_5258.HEIC,31.2619,34.80325833333333,University day images - Shahaf\IMG_5258.HEIC
f1_IMG_5259.HEIC,31.261913888888888,34.803241666666665,University day images - Shahaf\IMG_5259.HEIC
f1_IMG_5260.HEIC,31.26192222222222,34.803241666666665,University day images - Shahaf\IMG_5260.HEIC
f1_IMG_5261.HEIC,31.26195277777778,34.803238888888885,University day images - Shahaf\IMG_5261.HEIC
f1_IMG_5262.HEIC,31.26195277777778,34.80325,University day images - Shahaf\IMG_5262.HEIC
f1_IMG_5263.HEIC,31.261958333333332,34.80325833333333,University day images - Shahaf\IMG_5263.HEIC
f1_IMG_5264.HEIC,31.261966666666666,34.80325277777777,University day images - Shahaf\IMG_5264.HEIC
f1_IMG_5265.HEIC,31.26198888888889,34.80325833333333,University day images - Shahaf\IMG_5265.HEIC
f1_IMG_5266.HEIC,31.262005555555554,34.80325833333333,University day images - Shahaf\IMG_5266.HEIC
f1_IMG_5267.HEIC,31.262019444444444,34.80325277777777,University day images - Shahaf\IMG_5267.HEIC
f1_IMG_5268.HEIC,31.262047222222222,34.80325833333333,University day images - Shahaf\IMG_5268.HEIC
f1_IMG_5269.HEIC,31.262055555555555,34.80326944444444,University day images - Shahaf\IMG_5269.HEIC
f1_IMG_5270.HEIC,31.26206388888889,34.803263888888885,University day images - Shahaf\IMG_5270.HEIC
f1_IMG_5271.HEIC,31.262069444444446,34.80327222222222,University day images - Shahaf\IMG_5271.HEIC
f1_IMG_5272.HEIC,31.262091666666667,34.80327222222222,University day images - Shahaf\IMG_5272.HEIC
f1_IMG_5273.HEIC,31.26208888888889,34.803263888888885,University day images - Shahaf\IMG_5273.HEIC
f1_IMG_5274.HEIC,31.262091666666667,34.80326944444444,University day images - Shahaf\IMG_5274.HEIC
f1_IMG_5275.HEIC,31.262102777777777,34.80328055555555,University day images - Shahaf\IMG_5275.HEIC
f1_IMG_5276.HEIC,31.26212222222222,34.803263888888885,University day images - Shahaf\IMG_5276.HEIC
f1_IMG_5277.HEIC,31.26214166666667,34.80325277777777,University day images - Shahaf\IMG_5277.HEIC
f1_IMG_5278.HEIC,31.262144444444445,34.80325277777777,University day images - Shahaf\IMG_5278.HEIC
f1_IMG_5279.HEIC,31.26215277777778,34.80327222222222,University day images - Shahaf\IMG_5279.HEIC
f1_IMG_5280.HEIC,31.262138888888888,34.80329444444444,University day images - Shahaf\IMG_5280.HEIC
f1_IMG_5281.HEIC,31.262116666666667,34.80334166666666,University day images - Shahaf\IMG_5281.HEIC
f1_IMG_5282.HEIC,31.262097222222224,34.80336666666666,University day images - Shahaf\IMG_5282.HEIC
f1_IMG_5283.HEIC,31.262097222222224,34.803377777777776,University day images - Shahaf\IMG_5283.HEIC
f1_IMG_5284.HEIC,31.262108333333334,34.803377777777776,University day images - Shahaf\IMG_5284.HEIC
f1_IMG_5285.HEIC,31.26211111111111,34.803377777777776,University day images - Shahaf\IMG_5285.HEIC
f1_IMG_5286.HEIC,31.26208611111111,34.80339444444444,University day images - Shahaf\IMG_5286.HEIC
f1_IMG_5287.HEIC,31.26208611111111,34.80338611111111,University day images - Shahaf\IMG_5287.HEIC
f1_IMG_5288.HEIC,31.262066666666666,34.803397222222216,University day images - Shahaf\IMG_5288.HEIC
f1_IMG_5289.HEIC,31.262055555555555,34.80339166666666,University day images - Shahaf\IMG_5289.HEIC
f1_IMG_5290.HEIC,31.26203611111111,34.80338333333333,University day images - Shahaf\IMG_5290.HEIC
f1_IMG_5291.HEIC,31.262025,34.80338333333333,University day images - Shahaf\IMG_5291.HEIC
f1_IMG_5292.HEIC,31.262013888888887,34.80338611111111,University day images - Shahaf\IMG_5292.HEIC
f1_IMG_5293.HEIC,31.262005555555554,34.803397222222216,University day images - Shahaf\IMG_5293.HEIC
f1_IMG_5294.HEIC,31.262005555555554,34.80341388888888,University day images - Shahaf\IMG_5294.HEIC
f1_IMG_5295.HEIC,31.262005555555554,34.80340555555555,University day images - Shahaf\IMG_5295.HEIC
f1_IMG_5296.HEIC,31.261991666666667,34.80339444444444,University day images - Shahaf\IMG_5296.HEIC
f1_IMG_5297.HEIC,31.261983333333333,34.80340833333333,University day images - Shahaf\IMG_5297.HEIC
f1_IMG_5298.HEIC,31.261972222222223,34.80342222222222,University day images - Shahaf\IMG_5298.HEIC
f1_IMG_5299.HEIC,31.261966666666666,34.80343333333333,University day images - Shahaf\IMG_5299.HEIC
f1_IMG_5300.HEIC,31.261961111111113,34.80343333333333,University day images - Shahaf\IMG_5300.HEIC
f1_IMG_5301.HEIC,31.261958333333332,34.80343333333333,University day images - Shahaf\IMG_5301.HEIC
f1_IMG_5302.HEIC,31.261919444444445,34.80344722222222,University day images - Shahaf\IMG_5302.HEIC
f1_IMG_5303.HEIC,31.2619,34.803444444444445,University day images - Shahaf\IMG_5303.HEIC
f1_IMG_5304.HEIC,31.261891666666667,34.80345277777778,University day images - Shahaf\IMG_5304.HEIC
f1_IMG_5305.HEIC,31.261872222222223,34.803463888888885,University day images - Shahaf\IMG_5305.HEIC
f1_IMG_5306.HEIC,31.261866666666666,34.803475,University day images - Shahaf\IMG_5306.HEIC
f1_IMG_5307.HEIC,31.261872222222223,34.803488888888886,University day images - Shahaf\IMG_5307.HEIC
f1_IMG_5308.HEIC,31.261836111111112,34.803530555555554,University day images - Shahaf\IMG_5308.HEIC
f1_IMG_5309.HEIC,31.261836111111112,34.803530555555554,University day images - Shahaf\IMG_5309.HEIC
f1_IMG_5310.HEIC,31.261983333333333,34.80403888888888,University day images - Shahaf\IMG_5310.HEIC
f1_IMG_5311.HEIC,31.261983333333333,34.80403888888888,University day images - Shahaf\IMG_5311.HEIC
f1_IMG_5312.HEIC,31.261983333333333,34.80403888888888,University day images - Shahaf\IMG_5312.HEIC
f1_IMG_5313.HEIC,31.261983333333333,34.80403888888888,University day images - Shahaf\IMG_5313.HEIC
f1_IMG_5314.HEIC,31.261983333333333,34.80403888888888,University day images - Shahaf\IMG_5314.HEIC
f1_IMG_5315.HEIC,31.261983333333333,34.80403888888888,University day images - Shahaf\IMG_5315.HEIC
f1_IMG_5316.HEIC,31.261983333333333,34.80403888888888,University day images - Shahaf\IMG_5316.HEIC
f1_IMG_5317.HEIC,31.261841666666665,34.80398611111111,University day images - Shahaf\IMG_5317.HEIC
f1_IMG_5318.HEIC,31.26173888888889,34.80401111111111,University day images - Shahaf\IMG_5318.HEIC
f1_IMG_5319.HEIC,31.261713888888888,34.80398888888889,University day images - Shahaf\IMG_5319.HEIC
f1_IMG_5321.HEIC,31.26176388888889,34.80396666666666,University day images - Shahaf\IMG_5321.HEIC
f1_IMG_5322.HEIC,31.26176388888889,34.80396388888889,University day images - Shahaf\IMG_5322.HEIC
f1_IMG_5323.HEIC,31.261769444444443,34.803974999999994,University day images - Shahaf\IMG_5323.HEIC
f1_IMG_5324.HEIC,31.26178611111111,34.80399722222222,University day images - Shahaf\IMG_5324.HEIC
f1_IMG_5325.HEIC,31.261791666666667,34.804005555555555,University day images - Shahaf\IMG_5325.HEIC
f1_IMG_5326.HEIC,31.26185277777778,34.804047222222216,University day images - Shahaf\IMG_5326.HEIC
f1_IMG_5327.HEIC,31.261861111111113,34.804047222222216,University day images - Shahaf\IMG_5327.HEIC
f1_IMG_5328.HEIC,31.261872222222223,34.80405,University day images - Shahaf\IMG_5328.HEIC
f1_IMG_5329.HEIC,31.261891666666667,34.80405,University day images - Shahaf\IMG_5329.HEIC
f1_IMG_5330.HEIC,31.26189722222222,34.804047222222216,University day images - Shahaf\IMG_5330.HEIC
f1_IMG_5331.HEIC,31.261891666666667,34.804005555555555,University day images - Shahaf\IMG_5331.HEIC
f1_IMG_5332.HEIC,31.261894444444444,34.80399444444444,University day images - Shahaf\IMG_5332.HEIC
f1_IMG_5333.HEIC,31.26193333333333,34.80398611111111,University day images - Shahaf\IMG_5333.HEIC
f1_IMG_5334.HEIC,31.261947222222222,34.803980555555555,University day images - Shahaf\IMG_5334.HEIC
f1_IMG_5335.HEIC,31.261958333333332,34.803980555555555,University day images - Shahaf\IMG_5335.HEIC
f1_IMG_5336.HEIC,31.261966666666666,34.803977777777774,University day images - Shahaf\IMG_5336.HEIC
f1_IMG_5337.HEIC,31.261975,34.803974999999994,University day images - Shahaf\IMG_5337.HEIC
f1_IMG_5338.HEIC,31.26198888888889,34.803974999999994,University day images - Shahaf\IMG_5338.HEIC
f1_IMG_5339.HEIC,31.262005555555554,34.80396944444444,University day images - Shahaf\IMG_5339.HEIC
f1_IMG_5340.HEIC,31.262027777777778,34.80396666666666,University day images - Shahaf\IMG_5340.HEIC
f1_IMG_5341.HEIC,31.262072222222223,34.803955555555554,University day images - Shahaf\IMG_5341.HEIC
f1_IMG_5342.HEIC,31.262091666666667,34.803958333333334,University day images - Shahaf\IMG_5342.HEIC
f1_IMG_5343.HEIC,31.2621,34.80396388888889,University day images - Shahaf\IMG_5343.HEIC
f1_IMG_5344.HEIC,31.262119444444444,34.80396666666666,University day images - Shahaf\IMG_5344.HEIC
f1_IMG_5345.HEIC,31.26215277777778,34.80394444444444,University day images - Shahaf\IMG_5345.HEIC
f1_IMG_5346.HEIC,31.262158333333332,34.80394444444444,University day images - Shahaf\IMG_5346.HEIC
f1_IMG_5347.HEIC,31.262183333333333,34.80394722222222,University day images - Shahaf\IMG_5347.HEIC
f1_IMG_5348.HEIC,31.262183333333333,34.803955555555554,University day images - Shahaf\IMG_5348.HEIC
f1_IMG_5349.HEIC,31.262169444444446,34.803977777777774,University day images - Shahaf\IMG_5349.HEIC
f1_IMG_5350.HEIC,31.262169444444446,34.804005555555555,University day images - Shahaf\IMG_5350.HEIC
f1_IMG_5351.HEIC,31.262158333333332,34.804027777777776,University day images - Shahaf\IMG_5351.HEIC
f1_IMG_5352.HEIC,31.262155555555555,34.80404166666666,University day images - Shahaf\IMG_5352.HEIC
f1_IMG_5353.HEIC,31.26215277777778,34.804066666666664,University day images - Shahaf\IMG_5353.HEIC
f1_IMG_5354.HEIC,31.262116666666667,34.80413055555555,University day images - Shahaf\IMG_5354.HEIC
f1_IMG_5355.HEIC,31.26208611111111,34.80412222222222,University day images - Shahaf\IMG_5355.HEIC
f1_IMG_5356.HEIC,31.262094444444443,34.80412222222222,University day images - Shahaf\IMG_5356.HEIC
f1_IMG_5357.HEIC,31.262080555555556,34.804249999999996,University day images - Shahaf\IMG_5357.HEIC
f1_IMG_5358.HEIC,31.262094444444443,34.80424444444444,University day images - Shahaf\IMG_5358.HEIC
f1_IMG_5359.HEIC,31.262108333333334,34.80424444444444,University day images - Shahaf\IMG_5359.HEIC
f1_IMG_5360.HEIC,31.26211111111111,34.80425555555555,University day images - Shahaf\IMG_5360.HEIC
f1_IMG_5361.HEIC,31.262105555555557,34.80426388888888,University day images - Shahaf\IMG_5361.HEIC
f1_IMG_5362.HEIC,31.262138888888888,34.80430555555555,University day images - Shahaf\IMG_5362.HEIC
f1_IMG_5363.HEIC,31.262138888888888,34.804341666666666,University day images - Shahaf\IMG_5363.HEIC
f1_IMG_5364.HEIC,31.262138888888888,34.80435833333333,University day images - Shahaf\IMG_5364.HEIC
f1_IMG_5365.HEIC,31.26215,34.80441666666666,University day images - Shahaf\IMG_5365.HEIC
f1_IMG_5366.HEIC,31.26215277777778,34.804427777777775,University day images - Shahaf\IMG_5366.HEIC
f1_IMG_5367.HEIC,31.262158333333332,34.80444444444444,University day images - Shahaf\IMG_5367.HEIC
f1_IMG_5368.HEIC,31.26216388888889,34.80444722222222,University day images - Shahaf\IMG_5368.HEIC
f1_IMG_5369.HEIC,31.262169444444446,34.80444722222222,University day images - Shahaf\IMG_5369.HEIC
f1_IMG_5370.HEIC,31.26216388888889,34.80444444444444,University day images - Shahaf\IMG_5370.HEIC
f1_IMG_5371.HEIC,31.262161111111112,34.80443611111111,University day images - Shahaf\IMG_5371.HEIC
f1_IMG_5372.HEIC,31.262127777777778,34.80441388888889,University day images - Shahaf\IMG_5372.HEIC
f1_IMG_5373.HEIC,31.262108333333334,34.80440833333333,University day images - Shahaf\IMG_5373.HEIC
f1_IMG_5374.HEIC,31.262080555555556,34.804405555555554,University day images - Shahaf\IMG_5374.HEIC
f1_IMG_5375.HEIC,31.262069444444446,34.804402777777774,University day images - Shahaf\IMG_5375.HEIC
f1_IMG_5376.HEIC,31.262061111111112,34.804402777777774,University day images - Shahaf\IMG_5376.HEIC
f1_IMG_5377.HEIC,31.26205,34.80440833333333,University day images - Shahaf\IMG_5377.HEIC
f1_IMG_5378.HEIC,31.262041666666665,34.80441944444444,University day images - Shahaf\IMG_5378.HEIC
f1_IMG_5379.HEIC,31.26205,34.804427777777775,University day images - Shahaf\IMG_5379.HEIC
f1_IMG_5380.HEIC,31.26205,34.804430555555555,University day images - Shahaf\IMG_5380.HEIC
f1_IMG_5381.HEIC,31.262025,34.804402777777774,University day images - Shahaf\IMG_5381.HEIC
f1_IMG_5382.HEIC,31.262016666666668,34.80438888888889,University day images - Shahaf\IMG_5382.HEIC
f1_IMG_5383.HEIC,31.262,34.804383333333334,University day images - Shahaf\IMG_5383.HEIC
f1_IMG_5384.HEIC,31.26198888888889,34.80436666666667,University day images - Shahaf\IMG_5384.HEIC
f1_IMG_5385.HEIC,31.261977777777776,34.804363888888886,University day images - Shahaf\IMG_5385.HEIC
f1_IMG_5386.HEIC,31.26196388888889,34.80435555555555,University day images - Shahaf\IMG_5386.HEIC
f1_IMG_5387.HEIC,31.261944444444445,34.80435555555555,University day images - Shahaf\IMG_5387.HEIC
f1_IMG_5388.HEIC,31.261930555555555,34.80435833333333,University day images - Shahaf\IMG_5388.HEIC
f1_IMG_5389.HEIC,31.261930555555555,34.80435833333333,University day images - Shahaf\IMG_5389.HEIC
f1_IMG_5390.HEIC,31.26192222222222,34.80437222222222,University day images - Shahaf\IMG_5390.HEIC
f1_IMG_5391.HEIC,31.261894444444444,34.80435555555555,University day images - Shahaf\IMG_5391.HEIC
f1_IMG_5392.HEIC,31.26188611111111,34.80434722222222,University day images - Shahaf\IMG_5392.HEIC
f1_IMG_5393.HEIC,31.261872222222223,34.80434444444444,University day images - Shahaf\IMG_5393.HEIC
f1_IMG_5394.HEIC,31.261855555555556,34.80432777777777,University day images - Shahaf\IMG_5394.HEIC
f1_IMG_5395.HEIC,31.261844444444446,34.804325,University day images - Shahaf\IMG_5395.HEIC
f1_IMG_5396.HEIC,31.26183888888889,34.804316666666665,University day images - Shahaf\IMG_5396.HEIC
f1_IMG_5397.HEIC,31.261830555555555,34.804313888888885,University day images - Shahaf\IMG_5397.HEIC
f1_IMG_5398.HEIC,31.26181111111111,34.804294444444444,University day images - Shahaf\IMG_5398.HEIC
f1_IMG_5399.HEIC,31.26181111111111,34.80428055555555,University day images - Shahaf\IMG_5399.HEIC
f1_IMG_5400.HEIC,31.261808333333335,34.80426666666666,University day images - Shahaf\IMG_5400.HEIC
f1_IMG_5401.HEIC,31.261813888888888,34.80424444444444,University day images - Shahaf\IMG_5401.HEIC
f1_IMG_5402.HEIC,31.261805555555554,34.80424166666666,University day images - Shahaf\IMG_5402.HEIC
f1_IMG_5403.HEIC,31.261805555555554,34.804230555555556,University day images - Shahaf\IMG_5403.HEIC
f1_IMG_5404.HEIC,31.261805555555554,34.80421388888889,University day images - Shahaf\IMG_5404.HEIC
f1_IMG_5405.HEIC,31.26181111111111,34.804199999999994,University day images - Shahaf\IMG_5405.HEIC
f1_IMG_5406.HEIC,31.261805555555554,34.80418333333333,University day images - Shahaf\IMG_5406.HEIC
f1_IMG_5407.HEIC,31.26182777777778,34.80416388888889,University day images - Shahaf\IMG_5407.HEIC
f1_IMG_5408.HEIC,31.26182777777778,34.80416388888889,University day images - Shahaf\IMG_5408.HEIC
f1_IMG_5409.HEIC,31.261883333333333,34.80416111111111,University day images - Shahaf\IMG_5409.HEIC
f1_IMG_5410.HEIC,31.261913888888888,34.80411944444444,University day images - Shahaf\IMG_5410.HEIC
f1_IMG_5411.HEIC,31.261944444444445,34.80410277777777,University day images - Shahaf\IMG_5411.HEIC
f1_IMG_5412.HEIC,31.261955555555556,34.804091666666665,University day images - Shahaf\IMG_5412.HEIC
f1_IMG_5413.HEIC,31.262005555555554,34.804066666666664,University day images - Shahaf\IMG_5413.HEIC
f1_IMG_5414.HEIC,31.26198611111111,34.804027777777776,University day images - Shahaf\IMG_5414.HEIC
f1_IMG_5415.HEIC,31.261969444444443,34.804024999999996,University day images - Shahaf\IMG_5415.HEIC
f1_IMG_5416.HEIC,31.26196388888889,34.80401944444444,University day images - Shahaf\IMG_5416.HEIC
f1_IMG_5417.HEIC,31.261947222222222,34.80401111111111,University day images - Shahaf\IMG_5417.HEIC
f1_IMG_5418.HEIC,31.261930555555555,34.804005555555555,University day images - Shahaf\IMG_5418.HEIC
f1_IMG_5419.HEIC,31.261969444444443,34.804325,University day images - Shahaf\IMG_5419.HEIC
f1_IMG_5420.HEIC,31.261980555555557,34.804316666666665,University day images - Shahaf\IMG_5420.HEIC
f1_IMG_5421.HEIC,31.262016666666668,34.80430277777778,University day images - Shahaf\IMG_5421.HEIC
f1_IMG_5424.HEIC,31.262055555555555,34.80430555555555,University day images - Shahaf\IMG_5424.HEIC
f1_IMG_5425.HEIC,31.262066666666666,34.80430555555555,University day images - Shahaf\IMG_5425.HEIC
f1_IMG_5426.HEIC,31.262066666666666,34.80430555555555,University day images - Shahaf\IMG_5426.HEIC
f1_IMG_5427.HEIC,31.262113888888887,34.80431111111111,University day images - Shahaf\IMG_5427.HEIC
f1_IMG_5428.HEIC,31.262130555555554,34.80431111111111,University day images - Shahaf\IMG_5428.HEIC
f1_IMG_5429.HEIC,31.262138888888888,34.804313888888885,University day images - Shahaf\IMG_5429.HEIC
f1_IMG_5430.HEIC,31.262158333333332,34.80432222222222,University day images - Shahaf\IMG_5430.HEIC
f1_IMG_5432.HEIC,31.26216388888889,34.80431111111111,University day images - Shahaf\IMG_5432.HEIC
f1_IMG_5433.HEIC,31.262158333333332,34.80430555555555,University day images - Shahaf\IMG_5433.HEIC
f1_IMG_5434.HEIC,31.262155555555555,34.804291666666664,University day images - Shahaf\IMG_5434.HEIC
f1_IMG_5435.HEIC,31.26215277777778,34.80428055555555,University day images - Shahaf\IMG_5435.HEIC
f1_IMG_5436.HEIC,31.262138888888888,34.80427222222222,University day images - Shahaf\IMG_5436.HEIC
f1_IMG_5437.HEIC,31.26212222222222,34.80428055555555,University day images - Shahaf\IMG_5437.HEIC
f1_IMG_5438.HEIC,31.26208611111111,34.80426666666666,University day images - Shahaf\IMG_5438.HEIC
f1_IMG_5440.HEIC,31.262072222222223,34.80427222222222,University day images - Shahaf\IMG_5440.HEIC
f1_IMG_5441.HEIC,31.262069444444446,34.804275,University day images - Shahaf\IMG_5441.HEIC
f1_IMG_5442.HEIC,31.262041666666665,34.804291666666664,University day images - Shahaf\IMG_5442.HEIC
f1_IMG_5443.HEIC,31.262055555555555,34.80428611111111,University day images - Shahaf\IMG_5443.HEIC
f1_IMG_5444.HEIC,31.26203611111111,34.80427222222222,University day images - Shahaf\IMG_5444.HEIC
f1_IMG_5445.HEIC,31.262030555555555,34.80428055555555,University day images - Shahaf\IMG_5445.HEIC
f1_IMG_5446.HEIC,31.262030555555555,34.80427222222222,University day images - Shahaf\IMG_5446.HEIC
f1_IMG_5447.HEIC,31.262025,34.80426666666666,University day images - Shahaf\IMG_5447.HEIC
f1_IMG_5449.HEIC,31.262008333333334,34.80428611111111,University day images - Shahaf\IMG_5449.HEIC
f1_IMG_5450.HEIC,31.261994444444444,34.804291666666664,University day images - Shahaf\IMG_5450.HEIC
f1_IMG_5451.HEIC,31.26198888888889,34.804294444444444,University day images - Shahaf\IMG_5451.HEIC
f1_IMG_5452.HEIC,31.26198611111111,34.804291666666664,University day images - Shahaf\IMG_5452.HEIC
f1_IMG_5453.HEIC,31.26198888888889,34.80428055555555,University day images - Shahaf\IMG_5453.HEIC
f1_IMG_5455.HEIC,31.26198888888889,34.80426111111111,University day images - Shahaf\IMG_5455.HEIC
f1_IMG_5456.HEIC,31.26198888888889,34.80421944444444,University day images - Shahaf\IMG_5456.HEIC
f1_IMG_5457.HEIC,31.26198888888889,34.80421944444444,University day images - Shahaf\IMG_5457.HEIC
f1_IMG_5458.HEIC,31.261983333333333,34.804202777777775,University day images - Shahaf\IMG_5458.HEIC
f1_IMG_5459.HEIC,31.261972222222223,34.80419444444444,University day images - Shahaf\IMG_5459.HEIC
f1_IMG_5460.HEIC,31.261958333333332,34.80419444444444,University day images - Shahaf\IMG_5460.HEIC
f1_IMG_5461.HEIC,31.26195,34.80414444444444,University day images - Shahaf\IMG_5461.HEIC
f1_IMG_5462.HEIC,31.261944444444445,34.80414444444444,University day images - Shahaf\IMG_5462.HEIC
f1_IMG_5463.HEIC,31.26193333333333,34.80413333333333,University day images - Shahaf\IMG_5463.HEIC
f1_IMG_5464.HEIC,31.261916666666668,34.804141666666666,University day images - Shahaf\IMG_5464.HEIC
f1_IMG_5465.HEIC,31.261916666666668,34.80414444444444,University day images - Shahaf\IMG_5465.HEIC
f1_IMG_5466.HEIC,31.261916666666668,34.80414444444444,University day images - Shahaf\IMG_5466.HEIC
f1_IMG_5467.HEIC,31.261913888888888,34.804138888888886,University day images - Shahaf\IMG_5467.HEIC
f1_IMG_5468.HEIC,31.26191111111111,34.80410833333333,University day images - Shahaf\IMG_5468.HEIC
f1_IMG_5469.HEIC,31.261902777777777,34.80407222222222,University day images - Shahaf\IMG_5469.HEIC
f1_IMG_5470.HEIC,31.261905555555554,34.804069444444444,University day images - Shahaf\IMG_5470.HEIC
f1_IMG_5471.HEIC,31.26189722222222,34.80405555555555,University day images - Shahaf\IMG_5471.HEIC
f1_IMG_5472.HEIC,31.26189722222222,34.80405555555555,University day images - Shahaf\IMG_5472.HEIC
f1_IMG_5473.HEIC,31.26189722222222,34.80405,University day images - Shahaf\IMG_5473.HEIC
f1_IMG_5474.HEIC,31.2619,34.804047222222216,University day images - Shahaf\IMG_5474.HEIC
f1_IMG_5475.HEIC,31.261902777777777,34.80404166666666,University day images - Shahaf\IMG_5475.HEIC
f1_IMG_5477.HEIC,31.26192222222222,34.80404166666666,University day images - Shahaf\IMG_5477.HEIC
f1_IMG_5478.HEIC,31.26193333333333,34.80404166666666,University day images - Shahaf\IMG_5478.HEIC
f1_IMG_5479.HEIC,31.26193888888889,34.80404166666666,University day images - Shahaf\IMG_5479.HEIC
f1_IMG_5480.HEIC,31.261983333333333,34.80403888888888,University day images - Shahaf\IMG_5480.HEIC
f1_IMG_5482.HEIC,31.262008333333334,34.804030555555556,University day images - Shahaf\IMG_5482.HEIC
f1_IMG_5483.HEIC,31.262027777777778,34.804030555555556,University day images - Shahaf\IMG_5483.HEIC
f1_IMG_5484.HEIC,31.262080555555556,34.804030555555556,University day images - Shahaf\IMG_5484.HEIC
f1_IMG_5485.HEIC,31.262091666666667,34.80403611111111,University day images - Shahaf\IMG_5485.HEIC
f1_IMG_5486.HEIC,31.2621,34.80403888888888,University day images - Shahaf\IMG_5486.HEIC
f1_IMG_5487.HEIC,31.262105555555557,34.80404166666666,University day images - Shahaf\IMG_5487.HEIC
f1_IMG_5488.HEIC,31.26211111111111,34.804047222222216,University day images - Shahaf\IMG_5488.HEIC
f1_IMG_5489.HEIC,31.26212222222222,34.80403888888888,University day images - Shahaf\IMG_5489.HEIC
f1_IMG_5490.HEIC,31.262127777777778,34.80403611111111,University day images - Shahaf\IMG_5490.HEIC
f1_IMG_5491.HEIC,31.262102777777777,34.80405555555555,University day images - Shahaf\IMG_5491.HEIC
f1_IMG_5492.HEIC,31.262072222222223,34.804088888888884,University day images - Shahaf\IMG_5492.HEIC
f1_IMG_5493.HEIC,31.262041666666665,34.804116666666665,University day images - Shahaf\IMG_5493.HEIC
f1_IMG_5494.HEIC,31.261977777777776,34.80413055555555,University day images - Shahaf\IMG_5494.HEIC
f1_IMG_5496.HEIC,31.26195277777778,34.80417222222222,University day images - Shahaf\IMG_5496.HEIC
f1_IMG_5498.HEIC,31.261958333333332,34.804174999999994,University day images - Shahaf\IMG_5498.HEIC
f1_IMG_5499.HEIC,31.262080555555556,34.80408611111111,University day images - Shahaf\IMG_5499.HEIC
f1_IMG_5500.HEIC,31.261927777777778,34.80426388888888,University day images - Shahaf\IMG_5500.HEIC
f1_IMG_5501.HEIC,31.26193888888889,34.80423333333333,University day images - Shahaf\IMG_5501.HEIC
f1_IMG_5502.HEIC,31.261927777777778,34.80421388888889,University day images - Shahaf\IMG_5502.HEIC
f1_IMG_5503.HEIC,31.261902777777777,34.80421111111111,University day images - Shahaf\IMG_5503.HEIC
f1_IMG_5505.HEIC,31.261872222222223,34.80421111111111,University day images - Shahaf\IMG_5505.HEIC
f1_IMG_5506.HEIC,31.261869444444443,34.80421944444444,University day images - Shahaf\IMG_5506.HEIC
f1_IMG_5507.HEIC,31.26192222222222,34.80422222222222,University day images - Shahaf\IMG_5507.HEIC
f1_IMG_5508.HEIC,31.261977777777776,34.80421944444444,University day images - Shahaf\IMG_5508.HEIC
f3_IMG_5643.HEIC,31.262430555555557,34.80249722222222,University night images - Shahaf\IMG_5643.HEIC
f3_IMG_5644.HEIC,31.262425,34.80249444444444,University night images - Shahaf\IMG_5644.HEIC
f3_IMG_5645.HEIC,31.26241111111111,34.802505555555555,University night images - Shahaf\IMG_5645.HEIC
f3_IMG_5646.HEIC,31.262205555555557,34.80247222222222,University night images - Shahaf\IMG_5646.HEIC
f3_IMG_5647.HEIC,31.26222222222222,34.80246666666666,University night images - Shahaf\IMG_5647.HEIC
f3_IMG_5648.HEIC,31.26222222222222,34.80247222222222,University night images - Shahaf\IMG_5648.HEIC
f3_IMG_5649.HEIC,31.262194444444443,34.80248611111111,University night images - Shahaf\IMG_5649.HEIC
f3_IMG_5650.HEIC,31.262133333333335,34.80251666666666,University night images - Shahaf\IMG_5650.HEIC
f3_IMG_5651.HEIC,31.26208888888889,34.80253888888888,University night images - Shahaf\IMG_5651.HEIC
f3_IMG_5652.HEIC,31.262066666666666,34.80255555555555,University night images - Shahaf\IMG_5652.HEIC
f3_IMG_5653.HEIC,31.262013888888887,34.802611111111105,University night images - Shahaf\IMG_5653.HEIC
f3_IMG_5654.HEIC,31.262016666666668,34.80265833333333,University night images - Shahaf\IMG_5654.HEIC
f3_IMG_5655.HEIC,31.26205,34.80265833333333,University night images - Shahaf\IMG_5655.HEIC
f3_IMG_5656.HEIC,31.262075,34.802699999999994,University night images - Shahaf\IMG_5656.HEIC
f3_IMG_5657.HEIC,31.262030555555555,34.80269166666666,University night images - Shahaf\IMG_5657.HEIC
f3_IMG_5658.HEIC,31.262025,34.80267222222222,University night images - Shahaf\IMG_5658.HEIC
f3_IMG_5659.HEIC,31.261944444444445,34.80273333333333,University night images - Shahaf\IMG_5659.HEIC
f3_IMG_5660.HEIC,31.262019444444444,34.80259722222222,University night images - Shahaf\IMG_5660.HEIC
f3_IMG_5661.HEIC,31.262019444444444,34.80256388888888,University night images - Shahaf\IMG_5661.HEIC
f3_IMG_5662.HEIC,31.26206388888889,34.802527777777776,University night images - Shahaf\IMG_5662.HEIC
f3_IMG_5663.HEIC,31.262044444444445,34.80253888888888,University night images - Shahaf\IMG_5663.HEIC
f3_IMG_5664.HEIC,31.26203888888889,34.80253333333333,University night images - Shahaf\IMG_5664.HEIC
f3_IMG_5665.HEIC,31.26203611111111,34.80251388888889,University night images - Shahaf\IMG_5665.HEIC
f3_IMG_5666.HEIC,31.262025,34.80251666666666,University night images - Shahaf\IMG_5666.HEIC
f3_IMG_5667.HEIC,31.261994444444444,34.802527777777776,University night images - Shahaf\IMG_5667.HEIC
f3_IMG_5668.HEIC,31.262,34.80251388888889,University night images - Shahaf\IMG_5668.HEIC
f3_IMG_5669.HEIC,31.261994444444444,34.802502777777775,University night images - Shahaf\IMG_5669.HEIC
f3_IMG_5670.HEIC,31.261975,34.80253888888888,University night images - Shahaf\IMG_5670.HEIC
f3_IMG_5671.HEIC,31.261983333333333,34.80255555555555,University night images - Shahaf\IMG_5671.HEIC
f3_IMG_5672.HEIC,31.26198888888889,34.80253611111111,University night images - Shahaf\IMG_5672.HEIC
f3_IMG_5673.HEIC,31.26198888888889,34.802527777777776,University night images - Shahaf\IMG_5673.HEIC
f3_IMG_5674.HEIC,31.261975,34.80251666666666,University night images - Shahaf\IMG_5674.HEIC
f3_IMG_5675.HEIC,31.26195,34.802524999999996,University night images - Shahaf\IMG_5675.HEIC
f3_IMG_5676.HEIC,31.261941666666665,34.80251944444444,University night images - Shahaf\IMG_5676.HEIC
f3_IMG_5677.HEIC,31.261919444444445,34.80251944444444,University night images - Shahaf\IMG_5677.HEIC
f3_IMG_5678.HEIC,31.261908333333334,34.802527777777776,University night images - Shahaf\IMG_5678.HEIC
f3_IMG_5679.HEIC,31.261883333333333,34.80254444444444,University night images - Shahaf\IMG_5679.HEIC
f3_IMG_5680.HEIC,31.261861111111113,34.80255,University night images - Shahaf\IMG_5680.HEIC
f3_IMG_5681.HEIC,31.26185,34.80255555555555,University night images - Shahaf\IMG_5681.HEIC
f3_IMG_5682.HEIC,31.261855555555556,34.80255,University night images - Shahaf\IMG_5682.HEIC
f3_IMG_5683.HEIC,31.26183888888889,34.80255,University night images - Shahaf\IMG_5683.HEIC
f3_IMG_5684.HEIC,31.26182777777778,34.80255833333333,University night images - Shahaf\IMG_5684.HEIC
f3_IMG_5685.HEIC,31.261836111111112,34.80255833333333,University night images - Shahaf\IMG_5685.HEIC
f3_IMG_5686.HEIC,31.26183888888889,34.80255555555555,University night images - Shahaf\IMG_5686.HEIC
f3_IMG_5687.HEIC,31.261836111111112,34.80254444444444,University night images - Shahaf\IMG_5687.HEIC
f3_IMG_5688.HEIC,31.261836111111112,34.80254444444444,University night images - Shahaf\IMG_5688.HEIC
f3_IMG_5689.HEIC,31.261841666666665,34.80253888888888,University night images - Shahaf\IMG_5689.HEIC
f3_IMG_5690.HEIC,31.261855555555556,34.80246666666666,University night images - Shahaf\IMG_5690.HEIC
f3_IMG_5691.HEIC,31.261866666666666,34.80243055555555,University night images - Shahaf\IMG_5691.HEIC
f3_IMG_5692.HEIC,31.261866666666666,34.80238055555555,University night images - Shahaf\IMG_5692.HEIC
f3_IMG_5693.HEIC,31.261866666666666,34.80237222222222,University night images - Shahaf\IMG_5693.HEIC
f3_IMG_5694.HEIC,31.26188888888889,34.80238611111111,University night images - Shahaf\IMG_5694.HEIC
f3_IMG_5695.HEIC,31.261894444444444,34.80238611111111,University night images - Shahaf\IMG_5695.HEIC
f3_IMG_5696.HEIC,31.261902777777777,34.80238333333333,University night images - Shahaf\IMG_5696.HEIC
f3_IMG_5697.HEIC,31.2619,34.80238611111111,University night images - Shahaf\IMG_5697.HEIC
f3_IMG_5698.HEIC,31.261908333333334,34.802363888888884,University night images - Shahaf\IMG_5698.HEIC
f3_IMG_5699.HEIC,31.261905555555554,34.802344444444444,University night images - Shahaf\IMG_5699.HEIC
f3_IMG_5700.HEIC,31.261908333333334,34.80233055555555,University night images - Shahaf\IMG_5700.HEIC
f3_IMG_5701.HEIC,31.261913888888888,34.802322222222216,University night images - Shahaf\IMG_5701.HEIC
f3_IMG_5702.HEIC,31.261916666666668,34.802302777777776,University night images - Shahaf\IMG_5702.HEIC
f3_IMG_5703.HEIC,31.261919444444445,34.80229444444444,University night images - Shahaf\IMG_5703.HEIC
f3_IMG_5704.HEIC,31.261916666666668,34.80226111111111,University night images - Shahaf\IMG_5704.HEIC
f3_IMG_5705.HEIC,31.261891666666667,34.80223055555555,University night images - Shahaf\IMG_5705.HEIC
f3_IMG_5706.HEIC,31.26188611111111,34.80220277777777,University night images - Shahaf\IMG_5706.HEIC
f3_IMG_5707.HEIC,31.261891666666667,34.802175,University night images - Shahaf\IMG_5707.HEIC
f3_IMG_5708.HEIC,31.261877777777777,34.80211944444444,University night images - Shahaf\IMG_5708.HEIC
f3_IMG_5709.HEIC,31.261872222222223,34.80210833333333,University night images - Shahaf\IMG_5709.HEIC
f3_IMG_5710.HEIC,31.261866666666666,34.80210833333333,University night images - Shahaf\IMG_5710.HEIC
f3_IMG_5711.HEIC,31.261855555555556,34.80211666666666,University night images - Shahaf\IMG_5711.HEIC
f3_IMG_5712.HEIC,31.261841666666665,34.80211666666666,University night images - Shahaf\IMG_5712.HEIC
f3_IMG_5713.HEIC,31.261847222222222,34.80211666666666,University night images - Shahaf\IMG_5713.HEIC
f3_IMG_5714.HEIC,31.261858333333333,34.80209722222222,University night images - Shahaf\IMG_5714.HEIC
f3_IMG_5715.HEIC,31.261861111111113,34.80209444444444,University night images - Shahaf\IMG_5715.HEIC
f3_IMG_5716.HEIC,31.261877777777777,34.80206944444444,University night images - Shahaf\IMG_5716.HEIC
f3_IMG_5717.HEIC,31.261891666666667,34.802055555555555,University night images - Shahaf\IMG_5717.HEIC
f3_IMG_5718.HEIC,31.261891666666667,34.80204444444444,University night images - Shahaf\IMG_5718.HEIC
f3_IMG_5719.HEIC,31.261894444444444,34.802027777777774,University night images - Shahaf\IMG_5719.HEIC
f3_IMG_5720.HEIC,31.261891666666667,34.80201388888889,University night images - Shahaf\IMG_5720.HEIC
f3_IMG_5721.HEIC,31.261883333333333,34.80201666666667,University night images - Shahaf\IMG_5721.HEIC
f3_IMG_5722.HEIC,31.261877777777777,34.80202222222222,University night images - Shahaf\IMG_5722.HEIC
f3_IMG_5723.HEIC,31.261883333333333,34.802033333333334,University night images - Shahaf\IMG_5723.HEIC
f3_IMG_5724.HEIC,31.261883333333333,34.802033333333334,University night images - Shahaf\IMG_5724.HEIC
f3_IMG_5725.HEIC,31.261883333333333,34.802033333333334,University night images - Shahaf\IMG_5725.HEIC
f3_IMG_5726.HEIC,31.26188888888889,34.80203888888889,University night images - Shahaf\IMG_5726.HEIC
f3_IMG_5727.HEIC,31.261927777777778,34.80139444444444,University night images - Shahaf\IMG_5727.HEIC
f3_IMG_5728.HEIC,31.261927777777778,34.801399999999994,University night images - Shahaf\IMG_5728.HEIC
f3_IMG_5729.HEIC,31.261919444444445,34.801402777777774,University night images - Shahaf\IMG_5729.HEIC
f3_IMG_5730.HEIC,31.261913888888888,34.801402777777774,University night images - Shahaf\IMG_5730.HEIC
f3_IMG_5731.HEIC,31.261902777777777,34.801405555555554,University night images - Shahaf\IMG_5731.HEIC
f3_IMG_5732.HEIC,31.261902777777777,34.801405555555554,University night images - Shahaf\IMG_5732.HEIC
f3_IMG_5733.HEIC,31.261902777777777,34.801405555555554,University night images - Shahaf\IMG_5733.HEIC
f3_IMG_5734.HEIC,31.261902777777777,34.801405555555554,University night images - Shahaf\IMG_5734.HEIC
f3_IMG_5735.HEIC,31.261908333333334,34.801430555555555,University night images - Shahaf\IMG_5735.HEIC
f3_IMG_5736.HEIC,31.261905555555554,34.80142222222222,University night images - Shahaf\IMG_5736.HEIC
f3_IMG_5737.HEIC,31.261905555555554,34.801405555555554,University night images - Shahaf\IMG_5737.HEIC
f3_IMG_5738.HEIC,31.261902777777777,34.80139444444444,University night images - Shahaf\IMG_5738.HEIC
f3_IMG_5739.HEIC,31.2619,34.80139444444444,University night images - Shahaf\IMG_5739.HEIC
f3_IMG_5740.HEIC,31.261902777777777,34.801341666666666,University night images - Shahaf\IMG_5740.HEIC
f3_IMG_5741.HEIC,31.261902777777777,34.80130833333333,University night images - Shahaf\IMG_5741.HEIC
f3_IMG_5742.HEIC,31.261905555555554,34.80128055555555,University night images - Shahaf\IMG_5742.HEIC
f3_IMG_5743.HEIC,31.261908333333334,34.80126944444444,University night images - Shahaf\IMG_5743.HEIC
f3_IMG_5744.HEIC,31.26189722222222,34.801227777777775,University night images - Shahaf\IMG_5744.HEIC
f3_IMG_5745.HEIC,31.261891666666667,34.801230555555556,University night images - Shahaf\IMG_5745.HEIC
f3_IMG_5746.HEIC,31.26189722222222,34.801227777777775,University night images - Shahaf\IMG_5746.HEIC
f3_IMG_5747.HEIC,31.26189722222222,34.801224999999995,University night images - Shahaf\IMG_5747.HEIC
f3_IMG_5748.HEIC,31.2619,34.801230555555556,University night images - Shahaf\IMG_5748.HEIC
f3_IMG_5749.HEIC,31.2619,34.801230555555556,University night images - Shahaf\IMG_5749.HEIC
f3_IMG_5750.HEIC,31.26189722222222,34.801230555555556,University night images - Shahaf\IMG_5750.HEIC
f3_IMG_5751.HEIC,31.261958333333332,34.80118888888889,University night images - Shahaf\IMG_5751.HEIC
f3_IMG_5752.HEIC,31.262005555555554,34.80115833333333,University night images - Shahaf\IMG_5752.HEIC
f3_IMG_5753.HEIC,31.262016666666668,34.80115555555555,University night images - Shahaf\IMG_5753.HEIC
f3_IMG_5754.HEIC,31.26203611111111,34.80114722222222,University night images - Shahaf\IMG_5754.HEIC
f3_IMG_5755.HEIC,31.26205277777778,34.801136111111106,University night images - Shahaf\IMG_5755.HEIC
f3_IMG_5756.HEIC,31.26206388888889,34.80111944444444,University night images - Shahaf\IMG_5756.HEIC
f3_IMG_5757.HEIC,31.262075,34.80110555555555,University night images - Shahaf\IMG_5757.HEIC
f3_IMG_5758.HEIC,31.262083333333333,34.80110277777778,University night images - Shahaf\IMG_5758.HEIC
f3_IMG_5759.HEIC,31.262080555555556,34.80109722222222,University night images - Shahaf\IMG_5759.HEIC
f3_IMG_5760.HEIC,31.261969444444443,34.80126111111111,University night images - Shahaf\IMG_5760.HEIC
f3_IMG_5761.HEIC,31.261969444444443,34.80126111111111,University night images - Shahaf\IMG_5761.HEIC
f3_IMG_5762.HEIC,31.262358333333335,34.80123888888889,University night images - Shahaf\IMG_5762.HEIC
f3_IMG_5763.HEIC,31.26193333333333,34.80127222222222,University night images - Shahaf\IMG_5763.HEIC
f3_IMG_5764.HEIC,31.261994444444444,34.801125,University night images - Shahaf\IMG_5764.HEIC
f3_IMG_5765.HEIC,31.261983333333333,34.80110833333333,University night images - Shahaf\IMG_5765.HEIC
f3_IMG_5766.HEIC,31.261975,34.801116666666665,University night images - Shahaf\IMG_5766.HEIC
f3_IMG_5767.HEIC,31.261969444444443,34.801116666666665,University night images - Shahaf\IMG_5767.HEIC
f3_IMG_5768.HEIC,31.261969444444443,34.801125,University night images - Shahaf\IMG_5768.HEIC
f3_IMG_5769.HEIC,31.261969444444443,34.801125,University night images - Shahaf\IMG_5769.HEIC
f3_IMG_5770.HEIC,31.261972222222223,34.80112777777777,University night images - Shahaf\IMG_5770.HEIC
f3_IMG_5771.HEIC,31.26196388888889,34.80115833333333,University night images - Shahaf\IMG_5771.HEIC
f3_IMG_5772.HEIC,31.26193333333333,34.80121666666666,University night images - Shahaf\IMG_5772.HEIC
f3_IMG_5773.HEIC,31.26193333333333,34.801230555555556,University night images - Shahaf\IMG_5773.HEIC
f3_IMG_5774.HEIC,31.26193333333333,34.801249999999996,University night images - Shahaf\IMG_5774.HEIC
f3_IMG_5775.HEIC,31.26193333333333,34.801249999999996,University night images - Shahaf\IMG_5775.HEIC
f3_IMG_5776.HEIC,31.261908333333334,34.80127777777778,University night images - Shahaf\IMG_5776.HEIC
f3_IMG_5777.HEIC,31.26191111111111,34.801291666666664,University night images - Shahaf\IMG_5777.HEIC
f3_IMG_5778.HEIC,31.261925,34.8013,University night images - Shahaf\IMG_5778.HEIC
f3_IMG_5779.HEIC,31.261927777777778,34.8013,University night images - Shahaf\IMG_5779.HEIC
f3_IMG_5780.HEIC,31.261930555555555,34.80132222222222,University night images - Shahaf\IMG_5780.HEIC
f3_IMG_5781.HEIC,31.261961111111113,34.801338888888885,University night images - Shahaf\IMG_5781.HEIC
f3_IMG_5782.HEIC,31.26198611111111,34.80136944444444,University night images - Shahaf\IMG_5782.HEIC
f3_IMG_5783.HEIC,31.26198611111111,34.801363888888886,University night images - Shahaf\IMG_5783.HEIC
f3_IMG_5784.HEIC,31.261980555555557,34.80135277777777,University night images - Shahaf\IMG_5784.HEIC
f3_IMG_5785.HEIC,31.262008333333334,34.80135833333333,University night images - Shahaf\IMG_5785.HEIC
f3_IMG_5786.HEIC,31.26203611111111,34.801375,University night images - Shahaf\IMG_5786.HEIC
f3_IMG_5787.HEIC,31.262041666666665,34.80139166666666,University night images - Shahaf\IMG_5787.HEIC
f3_IMG_5788.HEIC,31.262041666666665,34.80139166666666,University night images - Shahaf\IMG_5788.HEIC
f3_IMG_5789.HEIC,31.26205,34.80139444444444,University night images - Shahaf\IMG_5789.HEIC
f3_IMG_5790.HEIC,31.26203611111111,34.801383333333334,University night images - Shahaf\IMG_5790.HEIC
f3_IMG_5791.HEIC,31.262041666666665,34.80139444444444,University night images - Shahaf\IMG_5791.HEIC
f3_IMG_5792.HEIC,31.262041666666665,34.80136944444444,University night images - Shahaf\IMG_5792.HEIC
f3_IMG_5793.HEIC,31.262047222222222,34.80136944444444,University night images - Shahaf\IMG_5793.HEIC
f3_IMG_5794.HEIC,31.262047222222222,34.80138888888889,University night images - Shahaf\IMG_5794.HEIC
f3_IMG_5795.HEIC,31.26205,34.801399999999994,University night images - Shahaf\IMG_5795.HEIC
f3_IMG_5796.HEIC,31.26195277777778,34.801474999999996,University night images - Shahaf\IMG_5796.HEIC
f3_IMG_5797.HEIC,31.261958333333332,34.801474999999996,University night images - Shahaf\IMG_5797.HEIC
f3_IMG_5798.HEIC,31.261958333333332,34.801474999999996,University night images - Shahaf\IMG_5798.HEIC
f3_IMG_5799.HEIC,31.261958333333332,34.80146388888888,University night images - Shahaf\IMG_5799.HEIC
f3_IMG_5800.HEIC,31.261961111111113,34.80144444444444,University night images - Shahaf\IMG_5800.HEIC
f3_IMG_5801.HEIC,31.261958333333332,34.80144166666666,University night images - Shahaf\IMG_5801.HEIC
f3_IMG_5802.HEIC,31.26195277777778,34.801424999999995,University night images - Shahaf\IMG_5802.HEIC
f3_IMG_5803.HEIC,31.261858333333333,34.801455555555556,University night images - Shahaf\IMG_5803.HEIC
f3_IMG_5804.HEIC,31.26186388888889,34.80144166666666,University night images - Shahaf\IMG_5804.HEIC
f3_IMG_5805.HEIC,31.26186388888889,34.801452777777776,University night images - Shahaf\IMG_5805.HEIC
f3_IMG_5806.HEIC,31.26186388888889,34.801455555555556,University night images - Shahaf\IMG_5806.HEIC
f3_IMG_5807.HEIC,31.26186388888889,34.801455555555556,University night images - Shahaf\IMG_5807.HEIC
f3_IMG_5808.HEIC,31.261855555555556,34.801449999999996,University night images - Shahaf\IMG_5808.HEIC
f3_IMG_5809.HEIC,31.261855555555556,34.801449999999996,University night images - Shahaf\IMG_5809.HEIC
f3_IMG_5810.HEIC,31.261858333333333,34.80144166666666,University night images - Shahaf\IMG_5810.HEIC
f3_IMG_5811.HEIC,31.261861111111113,34.80143611111111,University night images - Shahaf\IMG_5811.HEIC
f3_IMG_5812.HEIC,31.26186388888889,34.80143333333333,University night images - Shahaf\IMG_5812.HEIC
f3_IMG_5813.HEIC,31.261902777777777,34.80152222222222,University night images - Shahaf\IMG_5813.HEIC
f3_IMG_5814.HEIC,31.261927777777778,34.80154444444444,University night images - Shahaf\IMG_5814.HEIC
f3_IMG_5815.HEIC,31.261947222222222,34.80155277777777,University night images - Shahaf\IMG_5815.HEIC
f3_IMG_5816.HEIC,31.261944444444445,34.80152777777778,University night images - Shahaf\IMG_5816.HEIC
f3_IMG_5817.HEIC,31.261941666666665,34.80152777777778,University night images - Shahaf\IMG_5817.HEIC
f3_IMG_5818.HEIC,31.26192222222222,34.801541666666665,University night images - Shahaf\IMG_5818.HEIC
f3_IMG_5819.HEIC,31.261908333333334,34.801541666666665,University night images - Shahaf\IMG_5819.HEIC
f3_IMG_5820.HEIC,31.261905555555554,34.80154444444444,University night images - Shahaf\IMG_5820.HEIC
f3_IMG_5821.HEIC,31.261905555555554,34.80155555555555,University night images - Shahaf\IMG_5821.HEIC
f3_IMG_5822.HEIC,31.261916666666668,34.80154722222222,University night images - Shahaf\IMG_5822.HEIC
f3_IMG_5823.HEIC,31.261919444444445,34.80155555555555,University night images - Shahaf\IMG_5823.HEIC
f3_IMG_5824.HEIC,31.26192222222222,34.80157222222222,University night images - Shahaf\IMG_5824.HEIC
f3_IMG_5825.HEIC,31.261958333333332,34.80160833333333,University night images - Shahaf\IMG_5825.HEIC
f3_IMG_5826.HEIC,31.26196388888889,34.801630555555555,University night images - Shahaf\IMG_5826.HEIC
f3_IMG_5827.HEIC,31.261975,34.80168611111111,University night images - Shahaf\IMG_5827.HEIC
f3_IMG_5828.HEIC,31.261972222222223,34.80169166666666,University night images - Shahaf\IMG_5828.HEIC
f3_IMG_5829.HEIC,31.261975,34.80169166666666,University night images - Shahaf\IMG_5829.HEIC
f3_IMG_5831.HEIC,31.26201111111111,34.801677777777776,University night images - Shahaf\IMG_5831.HEIC
f3_IMG_5832.HEIC,31.26201111111111,34.801677777777776,University night images - Shahaf\IMG_5832.HEIC
f3_IMG_5833.HEIC,31.262005555555554,34.80166944444444,University night images - Shahaf\IMG_5833.HEIC
f3_IMG_5834.HEIC,31.262,34.80166666666666,University night images - Shahaf\IMG_5834.HEIC
f3_IMG_5835.HEIC,31.262005555555554,34.80168611111111,University night images - Shahaf\IMG_5835.HEIC
f3_IMG_5836.HEIC,31.262005555555554,34.80168611111111,University night images - Shahaf\IMG_5836.HEIC
f3_IMG_5837.HEIC,31.262005555555554,34.80168611111111,University night images - Shahaf\IMG_5837.HEIC
f3_IMG_5838.HEIC,31.262019444444444,34.80175277777777,University night images - Shahaf\IMG_5838.HEIC
f3_IMG_5839.HEIC,31.262033333333335,34.80177777777777,University night images - Shahaf\IMG_5839.HEIC
f3_IMG_5840.HEIC,31.262030555555555,34.801788888888886,University night images - Shahaf\IMG_5840.HEIC
f3_IMG_5841.HEIC,31.262030555555555,34.80179166666667,University night images - Shahaf\IMG_5841.HEIC
f3_IMG_5842.HEIC,31.26203611111111,34.801788888888886,University night images - Shahaf\IMG_5842.HEIC
f3_IMG_5843.HEIC,31.26203888888889,34.80178333333333,University night images - Shahaf\IMG_5843.HEIC
f3_IMG_5844.HEIC,31.26203611111111,34.80178055555555,University night images - Shahaf\IMG_5844.HEIC
f3_IMG_5845.HEIC,31.26203611111111,34.80178055555555,University night images - Shahaf\IMG_5845.HEIC
f3_IMG_5846.HEIC,31.262033333333335,34.80178055555555,University night images - Shahaf\IMG_5846.HEIC
f3_IMG_5847.HEIC,31.262033333333335,34.80178055555555,University night images - Shahaf\IMG_5847.HEIC
f3_IMG_5848.HEIC,31.262008333333334,34.80168888888888,University night images - Shahaf\IMG_5848.HEIC
f3_IMG_5849.HEIC,31.261991666666667,34.801649999999995,University night images - Shahaf\IMG_5849.HEIC
f3_IMG_5850.HEIC,31.26195,34.80150555555555,University night images - Shahaf\IMG_5850.HEIC
f3_IMG_5851.HEIC,31.26195,34.80150555555555,University night images - Shahaf\IMG_5851.HEIC
f3_IMG_5852.HEIC,31.26195277777778,34.801494444444444,University night images - Shahaf\IMG_5852.HEIC
f3_IMG_5853.HEIC,31.262025,34.80177777777777,University night images - Shahaf\IMG_5853.HEIC
f3_IMG_5854.HEIC,31.26202222222222,34.801808333333334,University night images - Shahaf\IMG_5854.HEIC
f3_IMG_5855.HEIC,31.262013888888887,34.80184444444444,University night images - Shahaf\IMG_5855.HEIC
f3_IMG_5856.HEIC,31.26201111111111,34.80186944444444,University night images - Shahaf\IMG_5856.HEIC
f3_IMG_5857.HEIC,31.26201111111111,34.80186944444444,University night images - Shahaf\IMG_5857.HEIC
f3_IMG_5858.HEIC,31.26201111111111,34.80184166666666,University night images - Shahaf\IMG_5858.HEIC
f3_IMG_5859.HEIC,31.26201111111111,34.80184166666666,University night images - Shahaf\IMG_5859.HEIC
f3_IMG_5860.HEIC,31.26201111111111,34.80184166666666,University night images - Shahaf\IMG_5860.HEIC
f3_IMG_5861.HEIC,31.26201111111111,34.80184166666666,University night images - Shahaf\IMG_5861.HEIC
f3_IMG_5862.HEIC,31.26201111111111,34.8018,University night images - Shahaf\IMG_5862.HEIC
f3_IMG_5863.HEIC,31.26201111111111,34.8018,University night images - Shahaf\IMG_5863.HEIC
f3_IMG_5864.HEIC,31.262005555555554,34.8018,University night images - Shahaf\IMG_5864.HEIC
f3_IMG_5865.HEIC,31.262013888888887,34.80190555555555,University night images - Shahaf\IMG_5865.HEIC
f3_IMG_5866.HEIC,31.262019444444444,34.80194722222222,University night images - Shahaf\IMG_5866.HEIC
f3_IMG_5867.HEIC,31.26202222222222,34.80198333333333,University night images - Shahaf\IMG_5867.HEIC
f3_IMG_5868.HEIC,31.262027777777778,34.80199444444444,University night images - Shahaf\IMG_5868.HEIC
f3_IMG_5869.HEIC,31.262025,34.802025,University night images - Shahaf\IMG_5869.HEIC
f3_IMG_5870.HEIC,31.26202222222222,34.802033333333334,University night images - Shahaf\IMG_5870.HEIC
f3_IMG_5871.HEIC,31.262019444444444,34.80204444444444,University night images - Shahaf\IMG_5871.HEIC
f3_IMG_5872.HEIC,31.261991666666667,34.80206388888889,University night images - Shahaf\IMG_5872.HEIC
f3_IMG_5873.HEIC,31.26198611111111,34.80205833333333,University night images - Shahaf\IMG_5873.HEIC
f3_IMG_5874.HEIC,31.261980555555557,34.802074999999995,University night images - Shahaf\IMG_5874.HEIC
f3_IMG_5875.HEIC,31.261980555555557,34.802077777777775,University night images - Shahaf\IMG_5875.HEIC
f3_IMG_5876.HEIC,31.261958333333332,34.80210555555555,University night images - Shahaf\IMG_5876.HEIC
f3_IMG_5877.HEIC,31.261936111111112,34.80210833333333,University night images - Shahaf\IMG_5877.HEIC
f3_IMG_5878.HEIC,31.261930555555555,34.80211388888888,University night images - Shahaf\IMG_5878.HEIC
f3_IMG_5879.HEIC,31.261927777777778,34.80211388888888,University night images - Shahaf\IMG_5879.HEIC
f3_IMG_5880.HEIC,31.26193333333333,34.802125,University night images - Shahaf\IMG_5880.HEIC
f3_IMG_5881.HEIC,31.26193888888889,34.80215555555555,University night images - Shahaf\IMG_5881.HEIC
f3_IMG_5882.HEIC,31.261947222222222,34.80216111111111,University night images - Shahaf\IMG_5882.HEIC
f3_IMG_5883.HEIC,31.261944444444445,34.80216111111111,University night images - Shahaf\IMG_5883.HEIC
f3_IMG_5884.HEIC,31.261925,34.80216111111111,University night images - Shahaf\IMG_5884.HEIC
f3_IMG_5885.HEIC,31.261913888888888,34.802166666666665,University night images - Shahaf\IMG_5885.HEIC
f3_IMG_5886.HEIC,31.261908333333334,34.802166666666665,University night images - Shahaf\IMG_5886.HEIC
f3_IMG_5887.HEIC,31.261894444444444,34.802169444444445,University night images - Shahaf\IMG_5887.HEIC
f3_IMG_5888.HEIC,31.261883333333333,34.80217777777777,University night images - Shahaf\IMG_5888.HEIC
f3_IMG_5889.HEIC,31.261877777777777,34.802191666666666,University night images - Shahaf\IMG_5889.HEIC
f3_IMG_5890.HEIC,31.261877777777777,34.80220833333333,University night images - Shahaf\IMG_5890.HEIC
f3_IMG_5891.HEIC,31.261883333333333,34.80223055555555,University night images - Shahaf\IMG_5891.HEIC
f3_IMG_5892.HEIC,31.26189722222222,34.80223055555555,University night images - Shahaf\IMG_5892.HEIC
f3_IMG_5893.HEIC,31.261908333333334,34.80223055555555,University night images - Shahaf\IMG_5893.HEIC
f3_IMG_5894.HEIC,31.261913888888888,34.80222777777777,University night images - Shahaf\IMG_5894.HEIC
f3_IMG_5895.HEIC,31.261919444444445,34.80220277777777,University night images - Shahaf\IMG_5895.HEIC
f3_IMG_5896.HEIC,31.26192222222222,34.802186111111105,University night images - Shahaf\IMG_5896.HEIC
f3_IMG_5897.HEIC,31.261919444444445,34.802188888888885,University night images - Shahaf\IMG_5897.HEIC
f3_IMG_5898.HEIC,31.26192222222222,34.802186111111105,University night images - Shahaf\IMG_5898.HEIC
f3_IMG_5899.HEIC,31.261927777777778,34.802191666666666,University night images - Shahaf\IMG_5899.HEIC
f3_IMG_5900.HEIC,31.26192222222222,34.80223055555555,University night images - Shahaf\IMG_5900.HEIC
f3_IMG_5901.HEIC,31.261927777777778,34.80224166666667,University night images - Shahaf\IMG_5901.HEIC
f3_IMG_5902.HEIC,31.261944444444445,34.80231111111111,University night images - Shahaf\IMG_5902.HEIC
f3_IMG_5903.HEIC,31.261961111111113,34.802324999999996,University night images - Shahaf\IMG_5903.HEIC
f3_IMG_5904.HEIC,31.26196388888889,34.80235555555555,University night images - Shahaf\IMG_5904.HEIC
f3_IMG_5905.HEIC,31.261958333333332,34.80238611111111,University night images - Shahaf\IMG_5905.HEIC
f3_IMG_5906.HEIC,31.261947222222222,34.80246666666666,University night images - Shahaf\IMG_5906.HEIC
f3_IMG_5907.HEIC,31.26193888888889,34.80248333333333,University night images - Shahaf\IMG_5907.HEIC
f3_IMG_5908.HEIC,31.26193333333333,34.80249722222222,University night images - Shahaf\IMG_5908.HEIC
f3_IMG_5909.HEIC,31.261919444444445,34.80255,University night images - Shahaf\IMG_5909.HEIC
f3_IMG_5910.HEIC,31.261908333333334,34.80256388888888,University night images - Shahaf\IMG_5910.HEIC
f3_IMG_5911.HEIC,31.261894444444444,34.80258055555555,University night images - Shahaf\IMG_5911.HEIC
f3_IMG_5912.HEIC,31.261883333333333,34.80260555555555,University night images - Shahaf\IMG_5912.HEIC
f3_IMG_5913.HEIC,31.261883333333333,34.802616666666665,University night images - Shahaf\IMG_5913.HEIC
f3_IMG_5914.HEIC,31.261883333333333,34.80266111111111,University night images - Shahaf\IMG_5914.HEIC
f3_IMG_5915.HEIC,31.261880555555557,34.80266944444444,University night images - Shahaf\IMG_5915.HEIC
f3_IMG_5916.HEIC,31.261880555555557,34.80267222222222,University night images - Shahaf\IMG_5916.HEIC
f3_IMG_5917.HEIC,31.261894444444444,34.80265555555555,University night images - Shahaf\IMG_5917.HEIC
f3_IMG_5918.HEIC,31.2619,34.80265555555555,University night images - Shahaf\IMG_5918.HEIC
f3_IMG_5919.HEIC,31.2619,34.80264722222222,University night images - Shahaf\IMG_5919.HEIC
f3_IMG_5920.HEIC,31.2619,34.80264722222222,University night images - Shahaf\IMG_5920.HEIC
f3_IMG_5921.HEIC,31.26192222222222,34.80268888888889,University night images - Shahaf\IMG_5921.HEIC
f3_IMG_5922.HEIC,31.261930555555555,34.80272222222222,University night images - Shahaf\IMG_5922.HEIC
f3_IMG_5923.HEIC,31.26193888888889,34.80273333333333,University night images - Shahaf\IMG_5923.HEIC
f3_IMG_5924.HEIC,31.26193333333333,34.80276111111111,University night images - Shahaf\IMG_5924.HEIC
f3_IMG_5925.HEIC,31.26193333333333,34.80276111111111,University night images - Shahaf\IMG_5925.HEIC
f3_IMG_5926.HEIC,31.26193333333333,34.80276388888888,University night images - Shahaf\IMG_5926.HEIC
f3_IMG_5927.HEIC,31.261936111111112,34.802752777777776,University night images - Shahaf\IMG_5927.HEIC
f3_IMG_5928.HEIC,31.261925,34.80273888888889,University night images - Shahaf\IMG_5928.HEIC
f3_IMG_5929.HEIC,31.261925,34.80273333333333,University night images - Shahaf\IMG_5929.HEIC
f3_IMG_5930.HEIC,31.261927777777778,34.80273333333333,University night images - Shahaf\IMG_5930.HEIC
f3_IMG_5931.HEIC,31.261925,34.80273333333333,University night images - Shahaf\IMG_5931.HEIC
f3_IMG_5932.HEIC,31.261916666666668,34.802727777777775,University night images - Shahaf\IMG_5932.HEIC
f3_IMG_5933.HEIC,31.261913888888888,34.802727777777775,University night images - Shahaf\IMG_5933.HEIC
f3_IMG_5934.HEIC,31.261908333333334,34.80276944444444,University night images - Shahaf\IMG_5934.HEIC
f3_IMG_5935.HEIC,31.261913888888888,34.802791666666664,University night images - Shahaf\IMG_5935.HEIC
f3_IMG_5936.HEIC,31.261916666666668,34.80280277777778,University night images - Shahaf\IMG_5936.HEIC
f3_IMG_5937.HEIC,31.261913888888888,34.80281111111111,University night images - Shahaf\IMG_5937.HEIC
f3_IMG_5938.HEIC,31.261913888888888,34.802825,University night images - Shahaf\IMG_5938.HEIC
f3_IMG_5939.HEIC,31.261913888888888,34.80283333333333,University night images - Shahaf\IMG_5939.HEIC
f3_IMG_5940.HEIC,31.261908333333334,34.80283333333333,University night images - Shahaf\IMG_5940.HEIC
f3_IMG_5941.HEIC,31.261908333333334,34.80283333333333,University night images - Shahaf\IMG_5941.HEIC
f3_IMG_5942.HEIC,31.261908333333334,34.80283333333333,University night images - Shahaf\IMG_5942.HEIC
f3_IMG_5943.HEIC,31.26191111111111,34.802825,University night images - Shahaf\IMG_5943.HEIC
f3_IMG_5944.HEIC,31.261955555555556,34.80283055555555,University night images - Shahaf\IMG_5944.HEIC
f3_IMG_5945.HEIC,31.262005555555554,34.802825,University night images - Shahaf\IMG_5945.HEIC
f3_IMG_5946.HEIC,31.26201111111111,34.802836111111105,University night images - Shahaf\IMG_5946.HEIC
f3_IMG_5947.HEIC,31.26201111111111,34.802836111111105,University night images - Shahaf\IMG_5947.HEIC
f3_IMG_5948.HEIC,31.26201111111111,34.80284444444444,University night images - Shahaf\IMG_5948.HEIC
f3_IMG_5949.HEIC,31.26201111111111,34.80284444444444,University night images - Shahaf\IMG_5949.HEIC
f3_IMG_5950.HEIC,31.262019444444444,34.80285277777777,University night images - Shahaf\IMG_5950.HEIC
f3_IMG_5951.HEIC,31.26203888888889,34.80285277777777,University night images - Shahaf\IMG_5951.HEIC
f3_IMG_5952.HEIC,31.262077777777776,34.802841666666666,University night images - Shahaf\IMG_5952.HEIC
f3_IMG_5953.HEIC,31.26208611111111,34.802836111111105,University night images - Shahaf\IMG_5953.HEIC
f3_IMG_5954.HEIC,31.26208888888889,34.80283333333333,University night images - Shahaf\IMG_5954.HEIC
f3_IMG_5955.HEIC,31.26208888888889,34.80283333333333,University night images - Shahaf\IMG_5955.HEIC
f3_IMG_5956.HEIC,31.262097222222224,34.80283333333333,University night images - Shahaf\IMG_5956.HEIC
f3_IMG_5957.HEIC,31.262102777777777,34.802841666666666,University night images - Shahaf\IMG_5957.HEIC
f3_IMG_5958.HEIC,31.262102777777777,34.802841666666666,University night images - Shahaf\IMG_5958.HEIC
f3_IMG_5959.HEIC,31.2621,34.80283333333333,University night images - Shahaf\IMG_5959.HEIC
f3_IMG_5960.HEIC,31.262105555555557,34.802788888888884,University night images - Shahaf\IMG_5960.HEIC
f3_IMG_5961.HEIC,31.26211111111111,34.80276111111111,University night images - Shahaf\IMG_5961.HEIC
f3_IMG_5962.HEIC,31.262116666666667,34.802749999999996,University night images - Shahaf\IMG_5962.HEIC
f3_IMG_5963.HEIC,31.262116666666667,34.80274444444444,University night images - Shahaf\IMG_5963.HEIC
f3_IMG_5964.HEIC,31.262116666666667,34.80274444444444,University night images - Shahaf\IMG_5964.HEIC
f3_IMG_5965.HEIC,31.262127777777778,34.802727777777775,University night images - Shahaf\IMG_5965.HEIC
f3_IMG_5966.HEIC,31.262127777777778,34.80268888888889,University night images - Shahaf\IMG_5966.HEIC
f3_IMG_5967.HEIC,31.262130555555554,34.80267222222222,University night images - Shahaf\IMG_5967.HEIC
f3_IMG_5968.HEIC,31.26213611111111,34.80265555555555,University night images - Shahaf\IMG_5968.HEIC
f3_IMG_5969.HEIC,31.26213611111111,34.802641666666666,University night images - Shahaf\IMG_5969.HEIC
f3_IMG_5970.HEIC,31.262138888888888,34.80262777777777,University night images - Shahaf\IMG_5970.HEIC
f3_IMG_5971.HEIC,31.262133333333335,34.802625,University night images - Shahaf\IMG_5971.HEIC
f3_IMG_5972.HEIC,31.262130555555554,34.80263055555555,University night images - Shahaf\IMG_5972.HEIC
f3_IMG_5973.HEIC,31.26216388888889,34.80261944444444,University night images - Shahaf\IMG_5973.HEIC
f3_IMG_5974.HEIC,31.262180555555556,34.802611111111105,University night images - Shahaf\IMG_5974.HEIC
f3_IMG_5975.HEIC,31.26218611111111,34.802611111111105,University night images - Shahaf\IMG_5975.HEIC
f3_IMG_5976.HEIC,31.262175,34.8026,University night images - Shahaf\IMG_5976.HEIC
f3_IMG_5977.HEIC,31.262180555555556,34.80259722222222,University night images - Shahaf\IMG_5977.HEIC
f3_IMG_5978.HEIC,31.26218611111111,34.80259722222222,University night images - Shahaf\IMG_5978.HEIC
f3_IMG_5979.HEIC,31.262180555555556,34.80259722222222,University night images - Shahaf\IMG_5979.HEIC
f3_IMG_5980.HEIC,31.262183333333333,34.80260555555555,University night images - Shahaf\IMG_5980.HEIC
f3_IMG_5981.HEIC,31.26218611111111,34.802611111111105,University night images - Shahaf\IMG_5981.HEIC
f3_IMG_5982.HEIC,31.26218611111111,34.802611111111105,University night images - Shahaf\IMG_5982.HEIC
f3_IMG_5983.HEIC,31.262208333333334,34.80272222222222,University night images - Shahaf\IMG_5983.HEIC
f3_IMG_5984.HEIC,31.262225,34.80275833333333,University night images - Shahaf\IMG_5984.HEIC
f3_IMG_5985.HEIC,31.262230555555554,34.80276944444444,University night images - Shahaf\IMG_5985.HEIC
f3_IMG_5986.HEIC,31.262227777777778,34.802788888888884,University night images - Shahaf\IMG_5986.HEIC
f3_IMG_5987.HEIC,31.262230555555554,34.80278333333333,University night images - Shahaf\IMG_5987.HEIC
f3_IMG_5988.HEIC,31.262183333333333,34.80282222222222,University night images - Shahaf\IMG_5988.HEIC
f3_IMG_5989.HEIC,31.262183333333333,34.80282222222222,University night images - Shahaf\IMG_5989.HEIC
f3_IMG_5990.HEIC,31.262116666666667,34.802788888888884,University night images - Shahaf\IMG_5990.HEIC
f3_IMG_5991.HEIC,31.262116666666667,34.802788888888884,University night images - Shahaf\IMG_5991.HEIC
f3_IMG_5992.HEIC,31.262116666666667,34.802788888888884,University night images - Shahaf\IMG_5992.HEIC
f3_IMG_5993.HEIC,31.26198611111111,34.80280277777778,University night images - Shahaf\IMG_5993.HEIC
f3_IMG_5994.HEIC,31.26205277777778,34.802749999999996,University night images - Shahaf\IMG_5994.HEIC
f3_IMG_5995.HEIC,31.26205277777778,34.802749999999996,University night images - Shahaf\IMG_5995.HEIC
f3_IMG_5996.HEIC,31.26205277777778,34.802749999999996,University night images - Shahaf\IMG_5996.HEIC
f3_IMG_5997.HEIC,31.262033333333335,34.80273888888889,University night images - Shahaf\IMG_5997.HEIC
f3_IMG_5998.HEIC,31.26202222222222,34.802730555555556,University night images - Shahaf\IMG_5998.HEIC
f3_IMG_5999.HEIC,31.26205,34.80261944444444,University night images - Shahaf\IMG_5999.HEIC
f3_IMG_6001.HEIC,31.262138888888888,34.802875,University night images - Shahaf\IMG_6001.HEIC
f3_IMG_6002.HEIC,31.262138888888888,34.802875,University night images - Shahaf\IMG_6002.HEIC
f3_IMG_6003.HEIC,31.26211111111111,34.80282222222222,University night images - Shahaf\IMG_6003.HEIC
f3_IMG_6004.HEIC,31.262008333333334,34.802905555555554,University night images - Shahaf\IMG_6004.HEIC
f3_IMG_6005.HEIC,31.262008333333334,34.802905555555554,University night images - Shahaf\IMG_6005.HEIC
f3_IMG_6006.HEIC,31.262002777777777,34.802905555555554,University night images - Shahaf\IMG_6006.HEIC
f3_IMG_6007.HEIC,31.261994444444444,34.80291111111111,University night images - Shahaf\IMG_6007.HEIC
f3_IMG_6008.HEIC,31.261977777777776,34.80291666666666,University night images - Shahaf\IMG_6008.HEIC
f3_IMG_6009.HEIC,31.26195277777778,34.80291666666666,University night images - Shahaf\IMG_6009.HEIC
f3_IMG_6010.HEIC,31.261927777777778,34.80293333333333,University night images - Shahaf\IMG_6010.HEIC
f3_IMG_6011.HEIC,31.261891666666667,34.802952777777776,University night images - Shahaf\IMG_6011.HEIC
f3_IMG_6012.HEIC,31.261877777777777,34.802955555555556,University night images - Shahaf\IMG_6012.HEIC
f3_IMG_6013.HEIC,31.261861111111113,34.80297777777778,University night images - Shahaf\IMG_6013.HEIC
f3_IMG_6014.HEIC,31.261833333333332,34.80297777777778,University night images - Shahaf\IMG_6014.HEIC
f3_IMG_6015.HEIC,31.26183888888889,34.80298333333333,University night images - Shahaf\IMG_6015.HEIC
f3_IMG_6016.HEIC,31.261830555555555,34.80298888888888,University night images - Shahaf\IMG_6016.HEIC
f3_IMG_6017.HEIC,31.26178888888889,34.80296388888888,University night images - Shahaf\IMG_6017.HEIC
f3_IMG_6018.HEIC,31.261802777777778,34.802972222222216,University night images - Shahaf\IMG_6018.HEIC
f3_IMG_6019.HEIC,31.261819444444445,34.80298333333333,University night images - Shahaf\IMG_6019.HEIC
f3_IMG_6020.HEIC,31.261819444444445,34.80298333333333,University night images - Shahaf\IMG_6020.HEIC
f3_IMG_6021.HEIC,31.261825,34.802994444444444,University night images - Shahaf\IMG_6021.HEIC
f3_IMG_6022.HEIC,31.26179722222222,34.80305833333333,University night images - Shahaf\IMG_6022.HEIC
f3_IMG_6023.HEIC,31.26175,34.803127777777775,University night images - Shahaf\IMG_6023.HEIC
f3_IMG_6024.HEIC,31.261725,34.80316944444444,University night images - Shahaf\IMG_6024.HEIC
f3_IMG_6025.HEIC,31.26178888888889,34.80320833333333,University night images - Shahaf\IMG_6025.HEIC
f3_IMG_6026.HEIC,31.261777777777777,34.80316111111111,University night images - Shahaf\IMG_6026.HEIC
f3_IMG_6027.HEIC,31.26178888888889,34.80328055555555,University night images - Shahaf\IMG_6027.HEIC
f3_IMG_6028.HEIC,31.26181111111111,34.80327222222222,University night images - Shahaf\IMG_6028.HEIC
f3_IMG_6029.HEIC,31.261833333333332,34.80325833333333,University night images - Shahaf\IMG_6029.HEIC
f3_IMG_6030.HEIC,31.261833333333332,34.80325833333333,University night images - Shahaf\IMG_6030.HEIC
f3_IMG_6031.HEIC,31.261844444444446,34.803261111111105,University night images - Shahaf\IMG_6031.HEIC
f3_IMG_6032.HEIC,31.261858333333333,34.80331111111111,University night images - Shahaf\IMG_6032.HEIC
f3_IMG_6033.HEIC,31.261855555555556,34.80331666666667,University night images - Shahaf\IMG_6033.HEIC
f3_IMG_6034.HEIC,31.261858333333333,34.80333611111111,University night images - Shahaf\IMG_6034.HEIC
f3_IMG_6035.HEIC,31.261866666666666,34.80334722222222,University night images - Shahaf\IMG_6035.HEIC
f3_IMG_6036.HEIC,31.261866666666666,34.80334166666666,University night images - Shahaf\IMG_6036.HEIC
f3_IMG_6037.HEIC,31.261866666666666,34.80334166666666,University night images - Shahaf\IMG_6037.HEIC
f3_IMG_6038.HEIC,31.261872222222223,34.80333611111111,University night images - Shahaf\IMG_6038.HEIC
f3_IMG_6039.HEIC,31.261872222222223,34.80332222222222,University night images - Shahaf\IMG_6039.HEIC
f3_IMG_6040.HEIC,31.261872222222223,34.80334444444444,University night images - Shahaf\IMG_6040.HEIC
f3_IMG_6041.HEIC,31.261872222222223,34.803352777777775,University night images - Shahaf\IMG_6041.HEIC
f3_IMG_6042.HEIC,31.261869444444443,34.80336111111111,University night images - Shahaf\IMG_6042.HEIC
f3_IMG_6043.HEIC,31.261858333333333,34.803374999999996,University night images - Shahaf\IMG_6043.HEIC
f3_IMG_6044.HEIC,31.261855555555556,34.80338611111111,University night images - Shahaf\IMG_6044.HEIC
f3_IMG_6045.HEIC,31.26183888888889,34.80339166666666,University night images - Shahaf\IMG_6045.HEIC
f3_IMG_6046.HEIC,31.26183888888889,34.80339166666666,University night images - Shahaf\IMG_6046.HEIC
f3_IMG_6047.HEIC,31.261830555555555,34.80338333333333,University night images - Shahaf\IMG_6047.HEIC
f3_IMG_6048.HEIC,31.261805555555554,34.80338611111111,University night images - Shahaf\IMG_6048.HEIC
f3_IMG_6049.HEIC,31.261816666666668,34.80343333333333,University night images - Shahaf\IMG_6049.HEIC
f3_IMG_6050.HEIC,31.261816666666668,34.80343333333333,University night images - Shahaf\IMG_6050.HEIC
f3_IMG_6051.HEIC,31.261816666666668,34.80343333333333,University night images - Shahaf\IMG_6051.HEIC
f3_IMG_6052.HEIC,31.261816666666668,34.80343333333333,University night images - Shahaf\IMG_6052.HEIC
f3_IMG_6053.HEIC,31.261805555555554,34.80346944444444,University night images - Shahaf\IMG_6053.HEIC
f3_IMG_6054.HEIC,31.261805555555554,34.803475,University night images - Shahaf\IMG_6054.HEIC
f3_IMG_6055.HEIC,31.261805555555554,34.803475,University night images - Shahaf\IMG_6055.HEIC
f3_IMG_6056.HEIC,31.261805555555554,34.803475,University night images - Shahaf\IMG_6056.HEIC
f3_IMG_6057.HEIC,31.261805555555554,34.803475,University night images - Shahaf\IMG_6057.HEIC
f3_IMG_6058.HEIC,31.261808333333335,34.80348333333333,University night images - Shahaf\IMG_6058.HEIC
f3_IMG_6059.HEIC,31.261808333333335,34.80347777777777,University night images - Shahaf\IMG_6059.HEIC
f3_IMG_6060.HEIC,31.26178611111111,34.80350555555555,University night images - Shahaf\IMG_6060.HEIC
f3_IMG_6061.HEIC,31.2618,34.80349722222222,University night images - Shahaf\IMG_6061.HEIC
f3_IMG_6062.HEIC,31.261819444444445,34.8035,University night images - Shahaf\IMG_6062.HEIC
f3_IMG_6063.HEIC,31.261833333333332,34.8035,University night images - Shahaf\IMG_6063.HEIC
f3_IMG_6064.HEIC,31.26183888888889,34.8035,University night images - Shahaf\IMG_6064.HEIC
f3_IMG_6065.HEIC,31.2619,34.80350833333333,University night images - Shahaf\IMG_6065.HEIC
f3_IMG_6066.HEIC,31.26191111111111,34.80350555555555,University night images - Shahaf\IMG_6066.HEIC
f3_IMG_6067.HEIC,31.261930555555555,34.803488888888886,University night images - Shahaf\IMG_6067.HEIC
f3_IMG_6068.HEIC,31.261966666666666,34.803488888888886,University night images - Shahaf\IMG_6068.HEIC
f3_IMG_6069.HEIC,31.261991666666667,34.803488888888886,University night images - Shahaf\IMG_6069.HEIC
f3_IMG_6070.HEIC,31.261991666666667,34.803488888888886,University night images - Shahaf\IMG_6070.HEIC
f3_IMG_6071.HEIC,31.262080555555556,34.80350555555555,University night images - Shahaf\IMG_6071.HEIC
f3_IMG_6072.HEIC,31.262102777777777,34.80350833333333,University night images - Shahaf\IMG_6072.HEIC
f3_IMG_6073.HEIC,31.26211111111111,34.80350555555555,University night images - Shahaf\IMG_6073.HEIC
f3_IMG_6074.HEIC,31.26211111111111,34.8035,University night images - Shahaf\IMG_6074.HEIC
f3_IMG_6075.HEIC,31.262105555555557,34.8035,University night images - Shahaf\IMG_6075.HEIC
f3_IMG_6076.HEIC,31.262102777777777,34.8035,University night images - Shahaf\IMG_6076.HEIC
f3_IMG_6077.HEIC,31.26215,34.80351666666667,University night images - Shahaf\IMG_6077.HEIC
f3_IMG_6078.HEIC,31.262169444444446,34.80351388888889,University night images - Shahaf\IMG_6078.HEIC
f3_IMG_6079.HEIC,31.26217777777778,34.80351944444444,University night images - Shahaf\IMG_6079.HEIC
f3_IMG_6080.HEIC,31.26218611111111,34.803527777777774,University night images - Shahaf\IMG_6080.HEIC
f3_IMG_6081.HEIC,31.26218888888889,34.803530555555554,University night images - Shahaf\IMG_6081.HEIC
f3_IMG_6082.HEIC,31.262197222222223,34.80353611111111,University night images - Shahaf\IMG_6082.HEIC
f3_IMG_6083.HEIC,31.262194444444443,34.80353888888889,University night images - Shahaf\IMG_6083.HEIC
f3_IMG_6084.HEIC,31.262208333333334,34.80345277777778,University night images - Shahaf\IMG_6084.HEIC
f3_IMG_6085.HEIC,31.26221388888889,34.80344722222222,University night images - Shahaf\IMG_6085.HEIC
f3_IMG_6086.HEIC,31.26222222222222,34.80343333333333,University night images - Shahaf\IMG_6086.HEIC
f3_IMG_6087.HEIC,31.262225,34.803438888888884,University night images - Shahaf\IMG_6087.HEIC
f3_IMG_6088.HEIC,31.262225,34.80344722222222,University night images - Shahaf\IMG_6088.HEIC
f3_IMG_6089.HEIC,31.2622,34.80334722222222,University night images - Shahaf\IMG_6089.HEIC
f3_IMG_6090.HEIC,31.262202777777777,34.80336111111111,University night images - Shahaf\IMG_6090.HEIC
f3_IMG_6091.HEIC,31.262208333333334,34.803355555555555,University night images - Shahaf\IMG_6091.HEIC
f3_IMG_6092.HEIC,31.262208333333334,34.803355555555555,University night images - Shahaf\IMG_6092.HEIC
f3_IMG_6093.HEIC,31.262205555555557,34.80334722222222,University night images - Shahaf\IMG_6093.HEIC
f3_IMG_6094.HEIC,31.262205555555557,34.80334722222222,University night images - Shahaf\IMG_6094.HEIC
f3_IMG_6095.HEIC,31.2622,34.803324999999994,University night images - Shahaf\IMG_6095.HEIC
f3_IMG_6096.HEIC,31.262197222222223,34.80329166666667,University night images - Shahaf\IMG_6096.HEIC
f3_IMG_6097.HEIC,31.262191666666666,34.803288888888886,University night images - Shahaf\IMG_6097.HEIC
f3_IMG_6098.HEIC,31.262197222222223,34.803288888888886,University night images - Shahaf\IMG_6098.HEIC
f3_IMG_6099.HEIC,31.262197222222223,34.803288888888886,University night images - Shahaf\IMG_6099.HEIC
f3_IMG_6100.HEIC,31.26218611111111,34.803275,University night images - Shahaf\IMG_6100.HEIC
f3_IMG_6101.HEIC,31.262183333333333,34.803263888888885,University night images - Shahaf\IMG_6101.HEIC
f3_IMG_6102.HEIC,31.262191666666666,34.80327222222222,University night images - Shahaf\IMG_6102.HEIC
f3_IMG_6103.HEIC,31.262191666666666,34.80323055555555,University night images - Shahaf\IMG_6103.HEIC
f3_IMG_6104.HEIC,31.262194444444443,34.80320833333333,University night images - Shahaf\IMG_6104.HEIC
f3_IMG_6105.HEIC,31.262194444444443,34.80316944444444,University night images - Shahaf\IMG_6105.HEIC
f3_IMG_6106.HEIC,31.262197222222223,34.80317222222222,University night images - Shahaf\IMG_6106.HEIC
f3_IMG_6107.HEIC,31.262169444444446,34.80316111111111,University night images - Shahaf\IMG_6107.HEIC
f3_IMG_6108.HEIC,31.262161111111112,34.803130555555555,University night images - Shahaf\IMG_6108.HEIC
f3_IMG_6109.HEIC,31.262055555555555,34.803061111111106,University night images - Shahaf\IMG_6109.HEIC
f3_IMG_6110.HEIC,31.26203611111111,34.803075,University night images - Shahaf\IMG_6110.HEIC
f3_IMG_6111.HEIC,31.262061111111112,34.80308888888889,University night images - Shahaf\IMG_6111.HEIC
f3_IMG_6112.HEIC,31.262058333333332,34.803066666666666,University night images - Shahaf\IMG_6112.HEIC
f3_IMG_6113.HEIC,31.262080555555556,34.803025,University night images - Shahaf\IMG_6113.HEIC
f3_IMG_6114.HEIC,31.262127777777778,34.80300833333333,University night images - Shahaf\IMG_6114.HEIC
f3_IMG_6115.HEIC,31.262105555555557,34.803261111111105,University night images - Shahaf\IMG_6115.HEIC
f3_IMG_6116.HEIC,31.262072222222223,34.80326944444444,University night images - Shahaf\IMG_6116.HEIC
f3_IMG_6117.HEIC,31.262066666666666,34.80329444444444,University night images - Shahaf\IMG_6117.HEIC
f3_IMG_6118.HEIC,31.262027777777778,34.80331388888889,University night images - Shahaf\IMG_6118.HEIC
f3_IMG_6119.HEIC,31.26202222222222,34.80330277777777,University night images - Shahaf\IMG_6119.HEIC
f3_IMG_6120.HEIC,31.262005555555554,34.8033,University night images - Shahaf\IMG_6120.HEIC
f3_IMG_6121.HEIC,31.262,34.80329444444444,University night images - Shahaf\IMG_6121.HEIC
f3_IMG_6122.HEIC,31.262,34.80330555555555,University night images - Shahaf\IMG_6122.HEIC
f3_IMG_6123.HEIC,31.262,34.80331111111111,University night images - Shahaf\IMG_6123.HEIC
f3_IMG_6124.HEIC,31.262,34.80331111111111,University night images - Shahaf\IMG_6124.HEIC
f3_IMG_6125.HEIC,31.261983333333333,34.80331388888889,University night images - Shahaf\IMG_6125.HEIC
f3_IMG_6126.HEIC,31.261975,34.803288888888886,University night images - Shahaf\IMG_6126.HEIC
f3_IMG_6127.HEIC,31.261972222222223,34.80328055555555,University night images - Shahaf\IMG_6127.HEIC
f3_IMG_6128.HEIC,31.261969444444443,34.80326944444444,University night images - Shahaf\IMG_6128.HEIC
f3_IMG_6129.HEIC,31.261969444444443,34.80329444444444,University night images - Shahaf\IMG_6129.HEIC
f3_IMG_6130.HEIC,31.261983333333333,34.803352777777775,University night images - Shahaf\IMG_6130.HEIC
f3_IMG_6131.HEIC,31.26198888888889,34.80336666666666,University night images - Shahaf\IMG_6131.HEIC
f3_IMG_6132.HEIC,31.26198888888889,34.80337222222222,University night images - Shahaf\IMG_6132.HEIC
f3_IMG_6133.HEIC,31.26198888888889,34.80336388888889,University night images - Shahaf\IMG_6133.HEIC
f3_IMG_6134.HEIC,31.26198888888889,34.80336111111111,University night images - Shahaf\IMG_6134.HEIC
f3_IMG_6135.HEIC,31.26198888888889,34.80336111111111,University night images - Shahaf\IMG_6135.HEIC
f3_IMG_6136.HEIC,31.261980555555557,34.80336111111111,University night images - Shahaf\IMG_6136.HEIC
f3_IMG_6137.HEIC,31.261980555555557,34.80336388888889,University night images - Shahaf\IMG_6137.HEIC
f3_IMG_6138.HEIC,31.261983333333333,34.80337222222222,University night images - Shahaf\IMG_6138.HEIC
f3_IMG_6139.HEIC,31.261983333333333,34.80340833333333,University night images - Shahaf\IMG_6139.HEIC
f3_IMG_6140.HEIC,31.261983333333333,34.803425,University night images - Shahaf\IMG_6140.HEIC
f3_IMG_6141.HEIC,31.261983333333333,34.803438888888884,University night images - Shahaf\IMG_6141.HEIC
f3_IMG_6142.HEIC,31.261983333333333,34.80344722222222,University night images - Shahaf\IMG_6142.HEIC
f3_IMG_6143.HEIC,31.26198888888889,34.80345277777778,University night images - Shahaf\IMG_6143.HEIC
f3_IMG_6144.HEIC,31.26198888888889,34.80345277777778,University night images - Shahaf\IMG_6144.HEIC
f3_IMG_6145.HEIC,31.26198888888889,34.80345277777778,University night images - Shahaf\IMG_6145.HEIC
f3_IMG_6146.HEIC,31.26198888888889,34.80345277777778,University night images - Shahaf\IMG_6146.HEIC
f3_IMG_6147.HEIC,31.26198888888889,34.80345277777778,University night images - Shahaf\IMG_6147.HEIC
f3_IMG_6148.HEIC,31.26198888888889,34.80345277777778,University night images - Shahaf\IMG_6148.HEIC
f3_IMG_6149.HEIC,31.262083333333333,34.803438888888884,University night images - Shahaf\IMG_6149.HEIC
f3_IMG_6150.HEIC,31.262072222222223,34.80345555555555,University night images - Shahaf\IMG_6150.HEIC
f3_IMG_6151.HEIC,31.262066666666666,34.80348333333333,University night images - Shahaf\IMG_6151.HEIC
f3_IMG_6152.HEIC,31.26206388888889,34.8035,University night images - Shahaf\IMG_6152.HEIC
f3_IMG_6153.HEIC,31.262075,34.80351944444444,University night images - Shahaf\IMG_6153.HEIC
f3_IMG_6154.HEIC,31.262080555555556,34.803525,University night images - Shahaf\IMG_6154.HEIC
f3_IMG_6155.HEIC,31.262094444444443,34.803530555555554,University night images - Shahaf\IMG_6155.HEIC
f3_IMG_6156.HEIC,31.262102777777777,34.80349444444444,University night images - Shahaf\IMG_6156.HEIC
f3_IMG_6157.HEIC,31.262097222222224,34.803488888888886,University night images - Shahaf\IMG_6157.HEIC
f3_IMG_6158.HEIC,31.262072222222223,34.80343333333333,University night images - Shahaf\IMG_6158.HEIC
f3_IMG_6159.HEIC,31.262061111111112,34.80344722222222,University night images - Shahaf\IMG_6159.HEIC
f3_IMG_6160.HEIC,31.26178611111111,34.803602777777776,University night images - Shahaf\IMG_6160.HEIC
f3_IMG_6161.HEIC,31.262169444444446,34.80372222222222,University night images - Shahaf\IMG_6161.HEIC
f3_IMG_6162.HEIC,31.26225,34.80378333333333,University night images - Shahaf\IMG_6162.HEIC
f3_IMG_6163.HEIC,31.262266666666665,34.80372222222222,University night images - Shahaf\IMG_6163.HEIC
f3_IMG_6164.HEIC,31.262352777777778,34.80376944444444,University night images - Shahaf\IMG_6164.HEIC
f3_IMG_6165.HEIC,31.26233611111111,34.80389722222222,University night images - Shahaf\IMG_6165.HEIC
f3_IMG_6166.HEIC,31.262352777777778,34.80396944444444,University night images - Shahaf\IMG_6166.HEIC
f3_IMG_6167.HEIC,31.262294444444443,34.80398611111111,University night images - Shahaf\IMG_6167.HEIC
f3_IMG_6168.HEIC,31.262280555555556,34.804024999999996,University night images - Shahaf\IMG_6168.HEIC
f3_IMG_6169.HEIC,31.262269444444446,34.80405555555555,University night images - Shahaf\IMG_6169.HEIC
f3_IMG_6170.HEIC,31.26225277777778,34.80404166666666,University night images - Shahaf\IMG_6170.HEIC
f3_IMG_6171.HEIC,31.262216666666667,34.80407222222222,University night images - Shahaf\IMG_6171.HEIC
f3_IMG_6172.HEIC,31.262208333333334,34.804091666666665,University night images - Shahaf\IMG_6172.HEIC
f3_IMG_6173.HEIC,31.262205555555557,34.80411944444444,University night images - Shahaf\IMG_6173.HEIC
f3_IMG_6174.HEIC,31.262216666666667,34.80415,University night images - Shahaf\IMG_6174.HEIC
f3_IMG_6175.HEIC,31.26222222222222,34.80415,University night images - Shahaf\IMG_6175.HEIC
f3_IMG_6176.HEIC,31.26222222222222,34.80415,University night images - Shahaf\IMG_6176.HEIC
f3_IMG_6177.HEIC,31.262219444444444,34.80415,University night images - Shahaf\IMG_6177.HEIC
f3_IMG_6178.HEIC,31.2622,34.80416388888889,University night images - Shahaf\IMG_6178.HEIC
f3_IMG_6179.HEIC,31.2622,34.80416388888889,University night images - Shahaf\IMG_6179.HEIC
f3_IMG_6180.HEIC,31.262194444444443,34.80423611111111,University night images - Shahaf\IMG_6180.HEIC
f3_IMG_6181.HEIC,31.262197222222223,34.804249999999996,University night images - Shahaf\IMG_6181.HEIC
f3_IMG_6182.HEIC,31.262194444444443,34.804252777777776,University night images - Shahaf\IMG_6182.HEIC
f3_IMG_6183.HEIC,31.262172222222222,34.80426666666666,University night images - Shahaf\IMG_6183.HEIC
f3_IMG_6184.HEIC,31.26216388888889,34.80427222222222,University night images - Shahaf\IMG_6184.HEIC
f3_IMG_6185.HEIC,31.262161111111112,34.80428611111111,University night images - Shahaf\IMG_6185.HEIC
f3_IMG_6186.HEIC,31.262158333333332,34.80429722222222,University night images - Shahaf\IMG_6186.HEIC
f3_IMG_6187.HEIC,31.26215277777778,34.80430555555555,University night images - Shahaf\IMG_6187.HEIC
f3_IMG_6188.HEIC,31.26214722222222,34.804313888888885,University night images - Shahaf\IMG_6188.HEIC
f3_IMG_6189.HEIC,31.26214166666667,34.804316666666665,University night images - Shahaf\IMG_6189.HEIC
f3_IMG_6190.HEIC,31.262127777777778,34.80432777777777,University night images - Shahaf\IMG_6190.HEIC
f3_IMG_6191.HEIC,31.262116666666667,34.804336111111105,University night images - Shahaf\IMG_6191.HEIC
f3_IMG_6192.HEIC,31.262097222222224,34.80434722222222,University night images - Shahaf\IMG_6192.HEIC
f3_IMG_6193.HEIC,31.262075,34.80437222222222,University night images - Shahaf\IMG_6193.HEIC
f3_IMG_6194.HEIC,31.262083333333333,34.80440833333333,University night images - Shahaf\IMG_6194.HEIC
f3_IMG_6195.HEIC,31.262083333333333,34.804405555555554,University night images - Shahaf\IMG_6195.HEIC
f3_IMG_6196.HEIC,31.262066666666666,34.80438888888889,University night images - Shahaf\IMG_6196.HEIC
f3_IMG_6197.HEIC,31.262044444444445,34.80437777777777,University night images - Shahaf\IMG_6197.HEIC
f3_IMG_6198.HEIC,31.262008333333334,34.80437777777777,University night images - Shahaf\IMG_6198.HEIC
f3_IMG_6199.HEIC,31.262,34.80437777777777,University night images - Shahaf\IMG_6199.HEIC
f3_IMG_6200.HEIC,31.261944444444445,34.804375,University night images - Shahaf\IMG_6200.HEIC
f3_IMG_6201.HEIC,31.261925,34.804375,University night images - Shahaf\IMG_6201.HEIC
f3_IMG_6202.HEIC,31.261916666666668,34.80437222222222,University night images - Shahaf\IMG_6202.HEIC
f3_IMG_6203.HEIC,31.261913888888888,34.80437222222222,University night images - Shahaf\IMG_6203.HEIC
f3_IMG_6204.HEIC,31.261908333333334,34.80436666666667,University night images - Shahaf\IMG_6204.HEIC
f3_IMG_6205.HEIC,31.26189722222222,34.80435277777777,University night images - Shahaf\IMG_6205.HEIC
f3_IMG_6206.HEIC,31.26189722222222,34.80434444444444,University night images - Shahaf\IMG_6206.HEIC
f3_IMG_6207.HEIC,31.261872222222223,34.804325,University night images - Shahaf\IMG_6207.HEIC
f3_IMG_6208.HEIC,31.261866666666666,34.80432777777777,University night images - Shahaf\IMG_6208.HEIC
f3_IMG_6209.HEIC,31.261858333333333,34.80432222222222,University night images - Shahaf\IMG_6209.HEIC
f3_IMG_6210.HEIC,31.261855555555556,34.804313888888885,University night images - Shahaf\IMG_6210.HEIC
f3_IMG_6211.HEIC,31.261855555555556,34.80429722222222,University night images - Shahaf\IMG_6211.HEIC
f3_IMG_6212.HEIC,31.261855555555556,34.804294444444444,University night images - Shahaf\IMG_6212.HEIC
f3_IMG_6213.HEIC,31.26185277777778,34.80428055555555,University night images - Shahaf\IMG_6213.HEIC
f3_IMG_6214.HEIC,31.261841666666665,34.804275,University night images - Shahaf\IMG_6214.HEIC
f3_IMG_6215.HEIC,31.261847222222222,34.80426388888888,University night images - Shahaf\IMG_6215.HEIC
f3_IMG_6216.HEIC,31.26185277777778,34.80426111111111,University night images - Shahaf\IMG_6216.HEIC
f3_IMG_6217.HEIC,31.26185,34.804249999999996,University night images - Shahaf\IMG_6217.HEIC
f3_IMG_6218.HEIC,31.261855555555556,34.804230555555556,University night images - Shahaf\IMG_6218.HEIC
f3_IMG_6219.HEIC,31.26185277777778,34.80419166666666,University night images - Shahaf\IMG_6219.HEIC
f3_IMG_6220.HEIC,31.261855555555556,34.804174999999994,University night images - Shahaf\IMG_6220.HEIC
f3_IMG_6221.HEIC,31.26185277777778,34.80415833333333,University night images - Shahaf\IMG_6221.HEIC
f3_IMG_6222.HEIC,31.261844444444446,34.80415,University night images - Shahaf\IMG_6222.HEIC
f3_IMG_6223.HEIC,31.261841666666665,34.804141666666666,University night images - Shahaf\IMG_6223.HEIC
f3_IMG_6224.HEIC,31.261841666666665,34.804141666666666,University night images - Shahaf\IMG_6224.HEIC
f3_IMG_6225.HEIC,31.261841666666665,34.804138888888886,University night images - Shahaf\IMG_6225.HEIC
f3_IMG_6226.HEIC,31.261841666666665,34.80412222222222,University night images - Shahaf\IMG_6226.HEIC
f3_IMG_6227.HEIC,31.261844444444446,34.804116666666665,University night images - Shahaf\IMG_6227.HEIC
f3_IMG_6228.HEIC,31.261836111111112,34.80410277777777,University night images - Shahaf\IMG_6228.HEIC
f3_IMG_6229.HEIC,31.261844444444446,34.80406111111111,University night images - Shahaf\IMG_6229.HEIC
f3_IMG_6230.HEIC,31.26185,34.80403888888888,University night images - Shahaf\IMG_6230.HEIC
f3_IMG_6231.HEIC,31.261847222222222,34.804027777777776,University night images - Shahaf\IMG_6231.HEIC
f3_IMG_6232.HEIC,31.261841666666665,34.804024999999996,University night images - Shahaf\IMG_6232.HEIC
f3_IMG_6233.HEIC,31.261836111111112,34.80401666666666,University night images - Shahaf\IMG_6233.HEIC
f3_IMG_6234.HEIC,31.261847222222222,34.80401111111111,University night images - Shahaf\IMG_6234.HEIC
f3_IMG_6235.HEIC,31.261847222222222,34.80401111111111,University night images - Shahaf\IMG_6235.HEIC
f3_IMG_6236.HEIC,31.261847222222222,34.80401111111111,University night images - Shahaf\IMG_6236.HEIC
f3_IMG_6237.HEIC,31.261836111111112,34.80398888888889,University night images - Shahaf\IMG_6237.HEIC
f3_IMG_6238.HEIC,31.26182777777778,34.803980555555555,University night images - Shahaf\IMG_6238.HEIC
f3_IMG_6239.HEIC,31.261836111111112,34.80396388888889,University night images - Shahaf\IMG_6239.HEIC
f3_IMG_6240.HEIC,31.26183888888889,34.803955555555554,University night images - Shahaf\IMG_6240.HEIC
f3_IMG_6241.HEIC,31.261841666666665,34.803936111111106,University night images - Shahaf\IMG_6241.HEIC
f3_IMG_6242.HEIC,31.261861111111113,34.80390555555555,University night images - Shahaf\IMG_6242.HEIC
f3_IMG_6243.HEIC,31.261855555555556,34.80389722222222,University night images - Shahaf\IMG_6243.HEIC
f3_IMG_6244.HEIC,31.261872222222223,34.80388611111111,University night images - Shahaf\IMG_6244.HEIC
f3_IMG_6245.HEIC,31.261869444444443,34.80387777777778,University night images - Shahaf\IMG_6245.HEIC
f3_IMG_6246.HEIC,31.261861111111113,34.80383055555555,University night images - Shahaf\IMG_6246.HEIC
f3_IMG_6247.HEIC,31.261861111111113,34.80381388888889,University night images - Shahaf\IMG_6247.HEIC
f3_IMG_6248.HEIC,31.26186388888889,34.803799999999995,University night images - Shahaf\IMG_6248.HEIC
f3_IMG_6249.HEIC,31.261866666666666,34.80378333333333,University night images - Shahaf\IMG_6249.HEIC
f3_IMG_6250.HEIC,31.261866666666666,34.80376944444444,University night images - Shahaf\IMG_6250.HEIC
f3_IMG_6251.HEIC,31.261866666666666,34.803755555555554,University night images - Shahaf\IMG_6251.HEIC
f3_IMG_6252.HEIC,31.26186388888889,34.80373055555555,University night images - Shahaf\IMG_6252.HEIC
f3_IMG_6253.HEIC,31.261855555555556,34.80379166666666,University night images - Shahaf\IMG_6253.HEIC
f3_IMG_6254.HEIC,31.261855555555556,34.80378333333333,University night images - Shahaf\IMG_6254.HEIC
f3_IMG_6255.HEIC,31.261833333333332,34.803691666666666,University night images - Shahaf\IMG_6255.HEIC
f3_IMG_6256.HEIC,31.26181111111111,34.80370833333333,University night images - Shahaf\IMG_6256.HEIC
f3_IMG_6257.HEIC,31.261808333333335,34.803580555555556,University night images - Shahaf\IMG_6257.HEIC
f3_IMG_6258.HEIC,31.261794444444444,34.80354722222222,University night images - Shahaf\IMG_6258.HEIC
f3_IMG_6259.HEIC,31.261766666666666,34.80349722222222,University night images - Shahaf\IMG_6259.HEIC
f3_IMG_6260.HEIC,31.261683333333334,34.80349722222222,University night images - Shahaf\IMG_6260.HEIC
f3_IMG_6261.HEIC,31.26178888888889,34.80359722222222,University night images - Shahaf\IMG_6261.HEIC
f3_IMG_6262.HEIC,31.261794444444444,34.80359722222222,University night images - Shahaf\IMG_6262.HEIC
f3_IMG_6263.HEIC,31.261741666666666,34.80364722222222,University night images - Shahaf\IMG_6263.HEIC
f3_IMG_6264.HEIC,31.261791666666667,34.803802777777776,University night images - Shahaf\IMG_6264.HEIC
f3_IMG_6265.HEIC,31.261758333333333,34.803866666666664,University night images - Shahaf\IMG_6265.HEIC
f3_IMG_6266.HEIC,31.26176111111111,34.80389444444444,University night images - Shahaf\IMG_6266.HEIC
f3_IMG_6267.HEIC,31.261855555555556,34.803936111111106,University night images - Shahaf\IMG_6267.HEIC
f3_IMG_6268.HEIC,31.261872222222223,34.80394444444444,University night images - Shahaf\IMG_6268.HEIC
f3_IMG_6269.HEIC,31.261877777777777,34.80394722222222,University night images - Shahaf\IMG_6269.HEIC
f3_IMG_6270.HEIC,31.2619,34.803955555555554,University night images - Shahaf\IMG_6270.HEIC
f3_IMG_6271.HEIC,31.261908333333334,34.80396388888889,University night images - Shahaf\IMG_6271.HEIC
f3_IMG_6272.HEIC,31.261905555555554,34.803958333333334,University night images - Shahaf\IMG_6272.HEIC
f3_IMG_6273.HEIC,31.261930555555555,34.80396666666666,University night images - Shahaf\IMG_6273.HEIC
f3_IMG_6274.HEIC,31.261936111111112,34.80396666666666,University night images - Shahaf\IMG_6274.HEIC
f3_IMG_6275.HEIC,31.26193333333333,34.80396666666666,University night images - Shahaf\IMG_6275.HEIC
f3_IMG_6276.HEIC,31.261955555555556,34.803958333333334,University night images - Shahaf\IMG_6276.HEIC
f3_IMG_6277.HEIC,31.26195277777778,34.803955555555554,University night images - Shahaf\IMG_6277.HEIC
f3_IMG_6278.HEIC,31.261961111111113,34.803955555555554,University night images - Shahaf\IMG_6278.HEIC
f3_IMG_6279.HEIC,31.261969444444443,34.80395,University night images - Shahaf\IMG_6279.HEIC
f3_IMG_6280.HEIC,31.261983333333333,34.803958333333334,University night images - Shahaf\IMG_6280.HEIC
f3_IMG_6281.HEIC,31.261994444444444,34.803958333333334,University night images - Shahaf\IMG_6281.HEIC
f3_IMG_6282.HEIC,31.262005555555554,34.803958333333334,University night images - Shahaf\IMG_6282.HEIC
f3_IMG_6283.HEIC,31.262013888888887,34.803955555555554,University night images - Shahaf\IMG_6283.HEIC
f3_IMG_6284.HEIC,31.26202222222222,34.803955555555554,University night images - Shahaf\IMG_6284.HEIC
f3_IMG_6285.HEIC,31.262025,34.803958333333334,University night images - Shahaf\IMG_6285.HEIC
f3_IMG_6286.HEIC,31.262030555555555,34.803958333333334,University night images - Shahaf\IMG_6286.HEIC
f3_IMG_6287.HEIC,31.26203611111111,34.80396388888889,University night images - Shahaf\IMG_6287.HEIC
f3_IMG_6288.HEIC,31.26205,34.803974999999994,University night images - Shahaf\IMG_6288.HEIC
f3_IMG_6289.HEIC,31.262058333333332,34.80396944444444,University night images - Shahaf\IMG_6289.HEIC
f3_IMG_6290.HEIC,31.26206388888889,34.80396944444444,University night images - Shahaf\IMG_6290.HEIC
f3_IMG_6291.HEIC,31.262105555555557,34.803936111111106,University night images - Shahaf\IMG_6291.HEIC
f3_IMG_6292.HEIC,31.262127777777778,34.80393888888889,University night images - Shahaf\IMG_6292.HEIC
f3_IMG_6293.HEIC,31.262127777777778,34.80393888888889,University night images - Shahaf\IMG_6293.HEIC
f3_IMG_6294.HEIC,31.262130555555554,34.80394444444444,University night images - Shahaf\IMG_6294.HEIC
f3_IMG_6295.HEIC,31.26213611111111,34.80394722222222,University night images - Shahaf\IMG_6295.HEIC
f3_IMG_6296.HEIC,31.262144444444445,34.803955555555554,University night images - Shahaf\IMG_6296.HEIC
f3_IMG_6297.HEIC,31.26214722222222,34.80396388888889,University night images - Shahaf\IMG_6297.HEIC
f3_IMG_6298.HEIC,31.26215277777778,34.80396944444444,University night images - Shahaf\IMG_6298.HEIC
f3_IMG_6299.HEIC,31.26212222222222,34.80424444444444,University night images - Shahaf\IMG_6299.HEIC
f3_IMG_6300.HEIC,31.262102777777777,34.804252777777776,University night images - Shahaf\IMG_6300.HEIC
f3_IMG_6301.HEIC,31.262094444444443,34.80426111111111,University night images - Shahaf\IMG_6301.HEIC
f3_IMG_6302.HEIC,31.262066666666666,34.80428055555555,University night images - Shahaf\IMG_6302.HEIC
f3_IMG_6303.HEIC,31.262061111111112,34.80427222222222,University night images - Shahaf\IMG_6303.HEIC
f3_IMG_6304.HEIC,31.262066666666666,34.80425555555555,University night images - Shahaf\IMG_6304.HEIC
f3_IMG_6305.HEIC,31.262066666666666,34.80423333333333,University night images - Shahaf\IMG_6305.HEIC
f3_IMG_6306.HEIC,31.262066666666666,34.80424166666666,University night images - Shahaf\IMG_6306.HEIC
f3_IMG_6307.HEIC,31.262069444444446,34.80425555555555,University night images - Shahaf\IMG_6307.HEIC
f3_IMG_6308.HEIC,31.262058333333332,34.80426111111111,University night images - Shahaf\IMG_6308.HEIC
f3_IMG_6309.HEIC,31.262058333333332,34.80426388888888,University night images - Shahaf\IMG_6309.HEIC
f3_IMG_6310.HEIC,31.262055555555555,34.80426666666666,University night images - Shahaf\IMG_6310.HEIC
f3_IMG_6311.HEIC,31.262044444444445,34.80428055555555,University night images - Shahaf\IMG_6311.HEIC
f3_IMG_6312.HEIC,31.262005555555554,34.80428055555555,University night images - Shahaf\IMG_6312.HEIC
f3_IMG_6313.HEIC,31.262,34.80427222222222,University night images - Shahaf\IMG_6313.HEIC
f3_IMG_6314.HEIC,31.261991666666667,34.80426388888888,University night images - Shahaf\IMG_6314.HEIC
f3_IMG_6315.HEIC,31.261991666666667,34.80426388888888,University night images - Shahaf\IMG_6315.HEIC
f3_IMG_6316.HEIC,31.261991666666667,34.80426111111111,University night images - Shahaf\IMG_6316.HEIC
f3_IMG_6317.HEIC,31.261991666666667,34.80426388888888,University night images - Shahaf\IMG_6317.HEIC
f3_IMG_6318.HEIC,31.261991666666667,34.80426666666666,University night images - Shahaf\IMG_6318.HEIC
f3_IMG_6319.HEIC,31.26198888888889,34.80424444444444,University night images - Shahaf\IMG_6319.HEIC
f3_IMG_6320.HEIC,31.261980555555557,34.80424444444444,University night images - Shahaf\IMG_6320.HEIC
f3_IMG_6321.HEIC,31.261955555555556,34.80423611111111,University night images - Shahaf\IMG_6321.HEIC
f3_IMG_6322.HEIC,31.261958333333332,34.804252777777776,University night images - Shahaf\IMG_6322.HEIC
f3_IMG_6323.HEIC,31.261941666666665,34.80425555555555,University night images - Shahaf\IMG_6323.HEIC
f3_IMG_6324.HEIC,31.26192222222222,34.80424166666666,University night images - Shahaf\IMG_6324.HEIC
f3_IMG_6325.HEIC,31.26192222222222,34.80424166666666,University night images - Shahaf\IMG_6325.HEIC
f3_IMG_6326.HEIC,31.261927777777778,34.80424166666666,University night images - Shahaf\IMG_6326.HEIC
f3_IMG_6327.HEIC,31.261927777777778,34.80424166666666,University night images - Shahaf\IMG_6327.HEIC
f3_IMG_6328.HEIC,31.261919444444445,34.80421111111111,University night images - Shahaf\IMG_6328.HEIC
f3_IMG_6329.HEIC,31.261913888888888,34.804180555555554,University night images - Shahaf\IMG_6329.HEIC
f3_IMG_6330.HEIC,31.261916666666668,34.80415277777777,University night images - Shahaf\IMG_6330.HEIC
f3_IMG_6331.HEIC,31.261919444444445,34.80414444444444,University night images - Shahaf\IMG_6331.HEIC
f3_IMG_6332.HEIC,31.26192222222222,34.804141666666666,University night images - Shahaf\IMG_6332.HEIC
f3_IMG_6333.HEIC,31.26192222222222,34.80413333333333,University night images - Shahaf\IMG_6333.HEIC
f3_IMG_6334.HEIC,31.26192222222222,34.80410833333333,University night images - Shahaf\IMG_6334.HEIC
f3_IMG_6335.HEIC,31.26193333333333,34.80408055555555,University night images - Shahaf\IMG_6335.HEIC
f3_IMG_6336.HEIC,31.261927777777778,34.80408055555555,University night images - Shahaf\IMG_6336.HEIC
f3_IMG_6337.HEIC,31.261925,34.80406111111111,University night images - Shahaf\IMG_6337.HEIC
f3_IMG_6338.HEIC,31.26192222222222,34.80405833333333,University night images - Shahaf\IMG_6338.HEIC
f3_IMG_6339.HEIC,31.261925,34.80405555555555,University night images - Shahaf\IMG_6339.HEIC
f3_IMG_6340.HEIC,31.261927777777778,34.804047222222216,University night images - Shahaf\IMG_6340.HEIC
f3_IMG_6341.HEIC,31.26193333333333,34.80403611111111,University night images - Shahaf\IMG_6341.HEIC
f3_IMG_6342.HEIC,31.26193333333333,34.804027777777776,University night images - Shahaf\IMG_6342.HEIC
f3_IMG_6343.HEIC,31.26195,34.804027777777776,University night images - Shahaf\IMG_6343.HEIC
f3_IMG_6344.HEIC,31.261958333333332,34.804027777777776,University night images - Shahaf\IMG_6344.HEIC
f3_IMG_6345.HEIC,31.261969444444443,34.804027777777776,University night images - Shahaf\IMG_6345.HEIC
f3_IMG_6346.HEIC,31.261994444444444,34.804024999999996,University night images - Shahaf\IMG_6346.HEIC
f3_IMG_6347.HEIC,31.262008333333334,34.804024999999996,University night images - Shahaf\IMG_6347.HEIC
f3_IMG_6348.HEIC,31.26202222222222,34.804030555555556,University night images - Shahaf\IMG_6348.HEIC
f3_IMG_6349.HEIC,31.262025,34.804030555555556,University night images - Shahaf\IMG_6349.HEIC
f3_IMG_6350.HEIC,31.262044444444445,34.80406111111111,University night images - Shahaf\IMG_6350.HEIC
f3_IMG_6351.HEIC,31.262058333333332,34.804066666666664,University night images - Shahaf\IMG_6351.HEIC
f3_IMG_6352.HEIC,31.262066666666666,34.804066666666664,University night images - Shahaf\IMG_6352.HEIC
f3_IMG_6353.HEIC,31.262083333333333,34.80407777777778,University night images - Shahaf\IMG_6353.HEIC
f3_IMG_6354.HEIC,31.262083333333333,34.80408611111111,University night images - Shahaf\IMG_6354.HEIC
f3_IMG_6355.HEIC,31.26208611111111,34.8041,University night images - Shahaf\IMG_6355.HEIC
f3_IMG_6356.HEIC,31.262097222222224,34.80412777777777,University night images - Shahaf\IMG_6356.HEIC
f3_IMG_6357.HEIC,31.2621,34.80413055555555,University night images - Shahaf\IMG_6357.HEIC
f3_IMG_6358.HEIC,31.2621,34.804138888888886,University night images - Shahaf\IMG_6358.HEIC
f3_IMG_6359.HEIC,31.2621,34.80413333333333,University night images - Shahaf\IMG_6359.HEIC
f3_IMG_6360.HEIC,31.2621,34.804138888888886,University night images - Shahaf\IMG_6360.HEIC
f3_IMG_6361.HEIC,31.262102777777777,34.804141666666666,University night images - Shahaf\IMG_6361.HEIC
f3_IMG_6362.HEIC,31.26211111111111,34.80415277777777,University night images - Shahaf\IMG_6362.HEIC
f3_IMG_6363.HEIC,31.262116666666667,34.80415833333333,University night images - Shahaf\IMG_6363.HEIC
f3_IMG_6364.HEIC,31.262119444444444,34.80416111111111,University night images - Shahaf\IMG_6364.HEIC
f3_IMG_6365.HEIC,31.262127777777778,34.80416944444444,University night images - Shahaf\IMG_6365.HEIC
f3_IMG_6366.HEIC,31.262133333333335,34.804174999999994,University night images - Shahaf\IMG_6366.HEIC
